date,ws_mps
2000-01-01,3.0541386355655766
2000-01-02,3.0341748768713606
2000-01-03,3.754651269438378
2000-01-04,3.727657247436684
2000-01-05,5.3649477502137115
2000-01-06,6.051832482694662
2000-01-07,6.147923397338674
2000-01-08,4.822237052442949
2000-01-09,3.3955244243884035
2000-01-10,5.156583164946548
2000-01-11,6.122262635213379
2000-01-12,5.087394448122449
2000-01-13,7.686988852036742
2000-01-14,7.923281468096474
2000-01-15,7.601854955440501
2000-01-16,5.518518358244967
2000-01-17,4.5655266205368745
2000-01-18,4.920216339839649
2000-01-19,5.306415199721352
2000-01-20,5.490187134965855
2000-01-21,3.571368852807248
2000-01-22,4.142885171265183
2000-01-23,4.536808265895486
2000-01-24,4.082485523916136
2000-01-25,4.242056016952958
2000-01-26,4.497732484754753
2000-01-27,5.770565239663326
2000-01-28,5.584681602849505
2000-01-29,5.930228243557279
2000-01-30,4.377951541064204
2000-01-31,3.6233815440270183
2000-02-01,3.719266569077632
2000-02-02,3.068302240136264
2000-02-03,3.5508083395166206
2000-02-04,2.5871010411711923
2000-02-05,2.753381633786269
2000-02-06,2.371012792731065
2000-02-07,3.8394590790136567
2000-02-08,3.5102568991687284
2000-02-09,5.443333414903793
2000-02-10,7.768591676401855
2000-02-11,7.667927838863535
2000-02-12,8.494991429064173
2000-02-13,7.585532048966118
2000-02-14,4.482668674557566
2000-02-15,5.359007309475501
2000-02-16,5.889374563794882
2000-02-17,5.424324278201651
2000-02-18,4.702767921846431
2000-02-19,4.810747274962531
2000-02-20,4.9375927061297835
2000-02-21,4.096367206455466
2000-02-22,3.5445296070679646
2000-02-23,4.6847413458411795
2000-02-24,4.692932277085928
2000-02-25,4.585954481602593
2000-02-26,5.674356123499096
2000-02-27,5.198620398731455
2000-02-28,6.020256887991382
2000-02-29,4.693604079590664
2000-03-01,4.419275112621854
2000-03-02,4.286044575228628
2000-03-03,4.895279139439647
2000-03-04,4.926395625707595
2000-03-05,7.182639930334208
2000-03-06,8.383044158916583
2000-03-07,7.2488431347460285
2000-03-08,9.85216527651947
2000-03-09,7.845415297151177
2000-03-10,9.850054516737233
2000-03-11,7.97830724771746
2000-03-12,8.679513303642738
2000-03-13,7.003690670585841
2000-03-14,6.4827991007442645
2000-03-15,8.24090317072219
2000-03-16,6.081801332446368
2000-03-17,4.249611966678273
2000-03-18,4.33036156468965
2000-03-19,4.6367360526378425
2000-03-20,4.77178558958407
2000-03-21,5.84883250338774
2000-03-22,4.439572119964945
2000-03-23,5.028484281723098
2000-03-24,5.020709472299774
2000-03-25,5.895490068149513
2000-03-26,6.502199876103543
2000-03-27,7.959575115687151
2000-03-28,5.89178961813562
2000-03-29,5.924407570910697
2000-03-30,4.631295407372832
2000-03-31,4.624637187126939
2000-04-01,5.428013402215467
2000-04-02,5.760400498675457
2000-04-03,6.316131795670876
2000-04-04,6.135757538983547
2000-04-05,6.449255335292265
2000-04-06,6.6439060427595225
2000-04-07,8.34838694987712
2000-04-08,9.15726434632494
2000-04-09,6.246528652842655
2000-04-10,6.9683334175320475
2000-04-11,8.239127909623624
2000-04-12,7.360424502091022
2000-04-13,5.209781405103019
2000-04-14,7.121482966768466
2000-04-15,7.168865664469767
2000-04-16,7.842130584295014
2000-04-17,10.347125615541623
2000-04-18,8.462134245047839
2000-04-19,8.095894470583803
2000-04-20,7.6406933528454015
2000-04-21,8.5047484224388
2000-04-22,7.405025325822498
2000-04-23,7.986445133488427
2000-04-24,7.8974202897112
2000-04-25,9.342529432733146
2000-04-26,11.017071967095704
2000-04-27,8.037072008306868
2000-04-28,8.54882909702492
2000-04-29,7.716884195508815
2000-04-30,7.513361433822549
2000-05-01,7.993688522479108
2000-05-02,8.543616441108911
2000-05-03,7.232901124379409
2000-05-04,7.5211986372674895
2000-05-05,7.564734022577845
2000-05-06,7.357438938103938
2000-05-07,5.408536430926642
2000-05-08,4.506792287298384
2000-05-09,4.148196225016597
2000-05-10,5.175729402287139
2000-05-11,7.419408455484338
2000-05-12,5.814842406246197
2000-05-13,4.393679366636554
2000-05-14,4.835405298917974
2000-05-15,4.208599314806719
2000-05-16,3.4026019339157303
2000-05-17,2.7359163383985483
2000-05-18,2.092675335914871
2000-05-19,2.976859020607706
2000-05-20,1.7946971744786337
2000-05-21,3.5366233822009696
2000-05-22,2.805914303723003
2000-05-23,2.599023403131957
2000-05-24,2.0603401748127874
2000-05-25,0.9381176295526973
2000-05-26,0.509262978354944
2000-05-27,1.5765528176371666
2000-05-28,3.945842684709309
2000-05-29,3.146669967830971
2000-05-30,4.972124818225415
2000-05-31,5.238018267293954
2000-06-01,4.140224380650681
2000-06-02,7.189173007646714
2000-06-03,11.225526377677152
2000-06-04,10.178288998395484
2000-06-05,9.738486522023846
2000-06-06,9.91235711139228
2000-06-07,9.5343409355903
2000-06-08,11.016533415429501
2000-06-09,13.983372517698948
2000-06-10,13.474047606603289
2000-06-11,15.065601498507942
2000-06-12,18.20262784909259
2000-06-13,15.470213983817203
2000-06-14,14.626411193549838
2000-06-15,12.65895197270917
2000-06-16,14.393329879090988
2000-06-17,15.23645778122116
2000-06-18,16.689248387011155
2000-06-19,17.87784755850975
2000-06-20,16.000391001763994
2000-06-21,16.914440066151748
2000-06-22,14.771334819377467
2000-06-23,13.05671952128107
2000-06-24,8.068801257780448
2000-06-25,10.966888809808932
2000-06-26,8.75490589736496
2000-06-27,8.874680935230653
2000-06-28,8.793062395178431
2000-06-29,11.897989614384839
2000-06-30,12.479237551828815
2000-07-01,10.306225859846261
2000-07-02,10.22480476902649
2000-07-03,9.788895315073844
2000-07-04,10.275978831228567
2000-07-05,7.570142561895121
2000-07-06,7.699713100865223
2000-07-07,12.703340043665595
2000-07-08,13.89364627370079
2000-07-09,18.580858024490077
2000-07-10,27.45199766410576
2000-07-11,25.896721435288693
2000-07-12,19.751072442779247
2000-07-13,18.138258071231686
2000-07-14,20.290765464584815
2000-07-15,21.521374257903748
2000-07-16,16.410461507874363
2000-07-17,14.914182722795564
2000-07-18,14.009754433934203
2000-07-19,13.448507742592158
2000-07-20,12.76732250155058
2000-07-21,10.33944380185638
2000-07-22,8.932635732545842
2000-07-23,8.452823837168935
2000-07-24,10.829439156507494
2000-07-25,9.437833051880126
2000-07-26,10.933751311858357
2000-07-27,8.190039292909368
2000-07-28,11.218979068031771
2000-07-29,11.27624885172907
2000-07-30,10.963981233762121
2000-07-31,14.06622932764044
2000-08-01,9.228236395467997
2000-08-02,5.994659081528498
2000-08-03,7.316925652451352
2000-08-04,5.882593834859539
2000-08-05,5.484709481811677
2000-08-06,11.77593104658211
2000-08-07,10.818722941936906
2000-08-08,10.748617439029903
2000-08-09,10.341131345027728
2000-08-10,12.830914353755121
2000-08-11,13.035307046955998
2000-08-12,12.990718288047495
2000-08-13,9.607797656740582
2000-08-14,8.80458659566977
2000-08-15,8.855055300136554
2000-08-16,5.536461717612163
2000-08-17,7.075989000501382
2000-08-18,8.172661045826143
2000-08-19,12.665587696982001
2000-08-20,8.452164328271659
2000-08-21,6.391474017694872
2000-08-22,4.87258194719059
2000-08-23,4.159625148288963
2000-08-24,4.446528968603308
2000-08-25,4.546748857526656
2000-08-26,5.464993922085083
2000-08-27,6.23848057146688
2000-08-28,6.457726073665724
2000-08-29,3.9473927451954314
2000-08-30,3.5522655777977037
2000-08-31,4.161582610325903
2000-09-01,5.700886449397222
2000-09-02,7.430730159923531
2000-09-03,4.424444698915806
2000-09-04,4.038822997703654
2000-09-05,4.3907874823995
2000-09-06,5.506472532545792
2000-09-07,8.251414462092097
2000-09-08,8.497860950887231
2000-09-09,6.588310417133821
2000-09-10,7.7436299242512385
2000-09-11,8.389022184973655
2000-09-12,8.992854390729006
2000-09-13,8.710845389690228
2000-09-14,12.522937610826627
2000-09-15,12.643578166308425
2000-09-16,14.412269464278369
2000-09-17,11.431383003034965
2000-09-18,12.977923145258206
2000-09-19,11.018438807315063
2000-09-20,7.2651537809916915
2000-09-21,8.11364703779793
2000-09-22,9.574448796742903
2000-09-23,9.042428008906262
2000-09-24,8.99502265714264
2000-09-25,11.258609619175537
2000-09-26,9.831793549742248
2000-09-27,5.3645110345324705
2000-09-28,6.213158900714647
2000-09-29,6.917547452477837
2000-09-30,9.408207885602245
2000-10-01,8.584092935170188
2000-10-02,11.399896741523605
2000-10-03,13.767969954512846
2000-10-04,9.963712989944847
2000-10-05,11.85756383663002
2000-10-06,8.95960602650767
2000-10-07,5.682892693737145
2000-10-08,5.477510145870317
2000-10-09,4.757749922953873
2000-10-10,2.352613650131617
2000-10-11,3.0694374503871016
2000-10-12,4.4429914564390245
2000-10-13,7.436992038244948
2000-10-14,7.420201021871503
2000-10-15,4.647958753762292
2000-10-16,3.5211452008670783
2000-10-17,5.515801002965017
2000-10-18,7.480257315738587
2000-10-19,8.577147058891068
2000-10-20,7.914227971194133
2000-10-21,8.319501441368262
2000-10-22,7.807747081033667
2000-10-23,7.156028708810264
2000-10-24,7.864529601602478
2000-10-25,7.91352311147615
2000-10-26,7.4193023692058935
2000-10-27,7.639980370724628
2000-10-28,6.610250948410013
2000-10-29,3.5635403361917066
2000-10-30,3.122738890765034
2000-10-31,3.4667035793948835
2000-11-01,6.7486452513517055
2000-11-02,6.080530497908663
2000-11-03,10.061976686051143
2000-11-04,12.786485293257131
2000-11-05,10.160436303640308
2000-11-06,8.365910126469027
2000-11-07,8.483185310323288
2000-11-08,11.863757676870508
2000-11-09,12.005926617198998
2000-11-10,12.829381894834706
2000-11-11,10.632733944182513
2000-11-12,5.884612275885932
2000-11-13,5.609735551444145
2000-11-14,7.1820615965417245
2000-11-15,9.300578012982243
2000-11-16,9.099349994565106
2000-11-17,9.118233647316648
2000-11-18,11.07938761334726
2000-11-19,10.216067703942212
2000-11-20,12.089950208069013
2000-11-21,9.125156676076065
2000-11-22,6.891013676188327
2000-11-23,4.962662735211867
2000-11-24,5.93175477061228
2000-11-25,5.145138175775968
2000-11-26,5.484255227460534
2000-11-27,6.208653152131543
2000-11-28,6.786760701500075
2000-11-29,8.945311676036962
2000-11-30,11.324214135989358
2000-12-01,9.104998619395985
2000-12-02,9.041077426344119
2000-12-03,8.264804074073227
2000-12-04,6.333993383846091
2000-12-05,9.15595104655435
2000-12-06,10.171243593546805
2000-12-07,9.260313031867307
2000-12-08,8.115103158921567
2000-12-09,8.426959767155093
2000-12-10,6.4077830269297795
2000-12-11,6.021537106443662
2000-12-12,7.858822169371861
2000-12-13,9.119084418121313
2000-12-14,7.313209996775782
2000-12-15,6.392811003728515
2000-12-16,9.324871705545627
2000-12-17,6.6229616931683974
2000-12-18,5.607903993564777
2000-12-19,3.7106570432800265
2000-12-20,4.401085432469133
2000-12-21,4.9133428205784275
2000-12-22,6.562679410253799
2000-12-23,3.022141958907305
2000-12-24,3.4592697160554473
2000-12-25,2.000796337311013
2000-12-26,2.940037938865648
2000-12-27,2.993628737249898
2000-12-28,5.365861327740859
2000-12-29,5.829142863546704
2000-12-30,4.401115423662791
2000-12-31,6.129475641883035
2001-01-01,4.579815224746893
2001-01-02,4.188216940623567
2001-01-03,5.649693258896444
2001-01-04,6.18610363003353
2001-01-05,6.641610567020854
2001-01-06,6.485996070983368
2001-01-07,6.976166756614399
2001-01-08,7.87403020799941
2001-01-09,7.893877361384876
2001-01-10,8.967338858535092
2001-01-11,10.525559949829816
2001-01-12,9.777881143227525
2001-01-13,7.648935968671396
2001-01-14,9.595602004493145
2001-01-15,8.790323586023725
2001-01-16,9.229184806847126
2001-01-17,10.121618692107484
2001-01-18,7.965688039200594
2001-01-19,8.230446875007877
2001-01-20,5.7077009421277936
2001-01-21,6.524456833228216
2001-01-22,5.7702308828334745
2001-01-23,5.8664270080241065
2001-01-24,6.587234000629558
2001-01-25,5.562942388864244
2001-01-26,5.592459886546062
2001-01-27,4.709682646699831
2001-01-28,4.704340234855375
2001-01-29,5.919073428789797
2001-01-30,5.829441132155327
2001-01-31,5.566899897877205
2001-02-01,4.301267815787568
2001-02-02,5.299573434020844
2001-02-03,5.18996966792241
2001-02-04,7.174229140655237
2001-02-05,5.948992047108573
2001-02-06,7.065596759349531
2001-02-07,9.20157667559826
2001-02-08,8.59637357381073
2001-02-09,6.456865789950488
2001-02-10,8.141479822473485
2001-02-11,9.142530324181925
2001-02-12,9.497534978756043
2001-02-13,10.420345404603594
2001-02-14,8.953825051571414
2001-02-15,9.426844043628119
2001-02-16,9.696333469116999
2001-02-17,8.119716212873547
2001-02-18,8.60128480526018
2001-02-19,7.347359833720889
2001-02-20,8.26781564478407
2001-02-21,9.367001980830688
2001-02-22,11.312229146030079
2001-02-23,7.617892065873055
2001-02-24,7.549430191503338
2001-02-25,6.796169726177619
2001-02-26,6.461777273768356
2001-02-27,5.961341723967675
2001-02-28,5.652944311545426
2001-03-01,3.4266155034565973
2001-03-02,4.599389103081218
2001-03-03,6.304149133192213
2001-03-04,7.268342408613175
2001-03-05,8.683913531708031
2001-03-06,7.034973719925838
2001-03-07,5.6605665211327985
2001-03-08,6.644421568636742
2001-03-09,8.164850244744184
2001-03-10,8.095043604823482
2001-03-11,5.806381986416948
2001-03-12,9.357848082929156
2001-03-13,7.897872495056767
2001-03-14,8.921495345548989
2001-03-15,6.868233030959197
2001-03-16,7.962574998506952
2001-03-17,7.838331697139583
2001-03-18,9.571340474183918
2001-03-19,10.304478031396135
2001-03-20,7.471577541243193
2001-03-21,6.0397612197011
2001-03-22,6.32067931768265
2001-03-23,7.209814480717712
2001-03-24,9.546682816155485
2001-03-25,9.483927941198136
2001-03-26,8.892753218713926
2001-03-27,8.357628704294328
2001-03-28,7.968341041826178
2001-03-29,9.20778421508505
2001-03-30,8.675974869931812
2001-03-31,8.165437298044296
2001-04-01,6.008714274529102
2001-04-02,3.667185920886731
2001-04-03,3.939464245184678
2001-04-04,4.924582286284474
2001-04-05,4.983529607112844
2001-04-06,5.698966416649824
2001-04-07,6.531944842861643
2001-04-08,6.401794600069091
2001-04-09,7.661949130952957
2001-04-10,6.467897151407799
2001-04-11,6.430633845801226
2001-04-12,5.927381093686359
2001-04-13,6.067981125122273
2001-04-14,6.915248074029541
2001-04-15,8.06999673255701
2001-04-16,8.037142663722378
2001-04-17,8.495973986801483
2001-04-18,7.738116042644638
2001-04-19,7.425371750773306
2001-04-20,9.235991789713491
2001-04-21,8.631993252832816
2001-04-22,10.515573133787022
2001-04-23,10.854902669646377
2001-04-24,10.70785365145457
2001-04-25,13.625170395042819
2001-04-26,12.54779343037205
2001-04-27,11.29791612470149
2001-04-28,10.883890204359622
2001-04-29,10.967530667597773
2001-04-30,10.948584907797922
2001-05-01,12.015635165035079
2001-05-02,11.677966330053792
2001-05-03,11.995920729110422
2001-05-04,10.997611601484708
2001-05-05,12.612079935784454
2001-05-06,11.291226770419154
2001-05-07,10.255785863573797
2001-05-08,9.936542123276869
2001-05-09,10.25699809189737
2001-05-10,8.774417862064759
2001-05-11,11.521721249656672
2001-05-12,9.91893336886401
2001-05-13,9.028901866872273
2001-05-14,8.17484309359355
2001-05-15,7.323505023334914
2001-05-16,8.283734230203741
2001-05-17,8.505758373831378
2001-05-18,7.191378333869483
2001-05-19,6.426645094131059
2001-05-20,6.121665208873094
2001-05-21,8.660103430440044
2001-05-22,7.510024016256257
2001-05-23,5.512468521077073
2001-05-24,4.099319937309225
2001-05-25,4.041628383384451
2001-05-26,6.814655696134098
2001-05-27,5.271726376157202
2001-05-28,5.693463713142881
2001-05-29,10.347213195251694
2001-05-30,9.184935718982642
2001-05-31,11.890510477812954
2001-06-01,14.163668138457115
2001-06-02,14.75538972441997
2001-06-03,10.891142619974813
2001-06-04,11.183966757328246
2001-06-05,10.105097793107145
2001-06-06,6.525172261650836
2001-06-07,3.9928177178148636
2001-06-08,4.499731188230698
2001-06-09,5.182283852267455
2001-06-10,7.714455840537972
2001-06-11,8.994604711847588
2001-06-12,8.009099183909434
2001-06-13,7.224252582739105
2001-06-14,7.04484723861111
2001-06-15,5.298506631040202
2001-06-16,6.958465081969592
2001-06-17,7.166422164320594
2001-06-18,5.865223513242991
2001-06-19,5.036838398331759
2001-06-20,3.6625939032357913
2001-06-21,3.506540323970073
2001-06-22,4.3778209990049675
2001-06-23,4.163638624206214
2001-06-24,6.323794442106174
2001-06-25,9.822271788845132
2001-06-26,8.405329101163135
2001-06-27,8.481078135654233
2001-06-28,7.817765805156077
2001-06-29,11.424121839085233
2001-06-30,11.883037270617022
2001-07-01,12.835476914845263
2001-07-02,14.355586804105457
2001-07-03,19.80856323121393
2001-07-04,19.198971335141163
2001-07-05,15.165065267056674
2001-07-06,13.307374574221587
2001-07-07,14.154126494615847
2001-07-08,13.48232621531388
2001-07-09,11.031970551995057
2001-07-10,17.93701341410618
2001-07-11,17.043706901734577
2001-07-12,14.31374441063455
2001-07-13,11.894494998910176
2001-07-14,7.704357503940149
2001-07-15,5.514663442113705
2001-07-16,5.27234372779542
2001-07-17,5.0782931595518574
2001-07-18,4.103278141746405
2001-07-19,5.5079402163941955
2001-07-20,5.917236778379288
2001-07-21,4.565956027415207
2001-07-22,2.2042903570806134
2001-07-23,2.9086291268464635
2001-07-24,3.513805231452805
2001-07-25,3.719906142326479
2001-07-26,2.349443018420872
2001-07-27,2.8957830103134024
2001-07-28,1.687114326326624
2001-07-29,3.471242693999091
2001-07-30,4.259082097831763
2001-07-31,5.061098435739246
2001-08-01,4.108747980232275
2001-08-02,2.9648064078033523
2001-08-03,6.130979551664053
2001-08-04,8.452642004304199
2001-08-05,7.792484366443639
2001-08-06,9.406329861946832
2001-08-07,13.054250801080878
2001-08-08,10.039005793175516
2001-08-09,8.792267203350834
2001-08-10,7.671944177842675
2001-08-11,8.944868172508883
2001-08-12,6.605016216293451
2001-08-13,7.433130450208175
2001-08-14,5.3468033114842095
2001-08-15,7.676458015826188
2001-08-16,9.8282355045977
2001-08-17,9.27848116912573
2001-08-18,10.874250224593007
2001-08-19,9.097641540632594
2001-08-20,8.456647948800281
2001-08-21,10.706597356488157
2001-08-22,10.348410597197077
2001-08-23,11.027346601820689
2001-08-24,8.61424991827716
2001-08-25,10.173689448351544
2001-08-26,11.074417159653345
2001-08-27,8.007379532453195
2001-08-28,3.7360923209472765
2001-08-29,1.6408491577643907
2001-08-30,2.1197523570451096
2001-08-31,2.3994221329312118
2001-09-01,1.3112471573299291
2001-09-02,1.9544091740231158
2001-09-03,3.8700534644778948
2001-09-04,4.185215846902896
2001-09-05,3.909039993758671
2001-09-06,5.910570008605026
2001-09-07,10.006299486232852
2001-09-08,13.382745466481012
2001-09-09,11.166999406092271
2001-09-10,12.759823158873957
2001-09-11,12.638606555384348
2001-09-12,11.676082517606542
2001-09-13,9.850830197058395
2001-09-14,10.470366737586064
2001-09-15,9.150691925567408
2001-09-16,11.161761483329016
2001-09-17,11.76855591798065
2001-09-18,14.00444630284076
2001-09-19,10.503740464019888
2001-09-20,10.343596896114574
2001-09-21,11.934348234300824
2001-09-22,12.385329489715298
2001-09-23,12.453277612203351
2001-09-24,10.289325152618328
2001-09-25,14.063558123195508
2001-09-26,16.110452837934897
2001-09-27,16.131078951925932
2001-09-28,8.92404834609221
2001-09-29,6.769416552394665
2001-09-30,7.203834541327086
2001-10-01,5.874358731987288
2001-10-02,2.804215557891359
2001-10-03,3.6594655738879505
2001-10-04,4.7035585710803405
2001-10-05,3.1910064560542986
2001-10-06,2.973358957282825
2001-10-07,2.5909512965505734
2001-10-08,3.8147317869933497
2001-10-09,1.8102301348408805
2001-10-10,0.9104813019418853
2001-10-11,0.9607569717628806
2001-10-12,0.9119053289666397
2001-10-13,3.483011178764684
2001-10-14,3.0338302273564017
2001-10-15,3.787479957810954
2001-10-16,3.5650449330137586
2001-10-17,3.0247865233446407
2001-10-18,3.9872663331413785
2001-10-19,7.548404751524607
2001-10-20,6.841502245170663
2001-10-21,8.490270761706212
2001-10-22,9.110334862521114
2001-10-23,10.234987106098561
2001-10-24,10.645182796516135
2001-10-25,15.949299698703982
2001-10-26,11.722910499531642
2001-10-27,10.61980288070342
2001-10-28,7.955402509872573
2001-10-29,4.223884037197659
2001-10-30,4.546657951625314
2001-10-31,8.255235954814896
2001-11-01,10.001290998883732
2001-11-02,12.305340597703143
2001-11-03,12.790732092897091
2001-11-04,11.844131251415996
2001-11-05,16.116404179166462
2001-11-06,13.898544706813018
2001-11-07,16.837630264536045
2001-11-08,14.715438334294252
2001-11-09,13.837698294959893
2001-11-10,13.586243772112773
2001-11-11,12.842621088409274
2001-11-12,13.26241297064136
2001-11-13,13.83156162466237
2001-11-14,17.03608362515044
2001-11-15,15.623206723855255
2001-11-16,10.207387175464076
2001-11-17,6.092476721965536
2001-11-18,4.005508029376759
2001-11-19,3.3165611290069603
2001-11-20,4.63931849590402
2001-11-21,2.8788407011997217
2001-11-22,3.3059416093396483
2001-11-23,3.711857427268131
2001-11-24,4.4335063059334985
2001-11-25,4.510393223602369
2001-11-26,5.420272065238122
2001-11-27,5.661567925779514
2001-11-28,7.554813817869563
2001-11-29,8.0385349681009
2001-11-30,4.112848612865088
2001-12-01,4.4266056728150724
2001-12-02,4.990670463130187
2001-12-03,4.311430760240671
2001-12-04,3.5377827362365877
2001-12-05,5.451367288407333
2001-12-06,5.80880150304448
2001-12-07,4.41828791598579
2001-12-08,4.192537302432993
2001-12-09,4.196391173551594
2001-12-10,2.4947377177856653
2001-12-11,3.6242830396926418
2001-12-12,3.736483143858103
2001-12-13,4.67131948315881
2001-12-14,2.8726070707577755
2001-12-15,5.831275729288673
2001-12-16,6.772001067495539
2001-12-17,7.45365836803278
2001-12-18,6.169421977736854
2001-12-19,5.167750552164775
2001-12-20,3.3530842483719896
2001-12-21,5.726536846721364
2001-12-22,4.594169476374769
2001-12-23,5.07310687757726
2001-12-24,6.055538561055585
2001-12-25,5.153413300741949
2001-12-26,6.447392023375464
2001-12-27,9.480370356466253
2001-12-28,9.497627615275336
2001-12-29,11.561793365729066
2001-12-30,11.74356518948561
2001-12-31,10.105095639792127
2002-01-01,8.844269717638213
2002-01-02,6.001518224966111
2002-01-03,6.122231496291278
2002-01-04,8.173132704715952
2002-01-05,8.852327402630817
2002-01-06,9.808502532037714
2002-01-07,11.138847116945996
2002-01-08,9.482358237343087
2002-01-09,9.920541951330108
2002-01-10,12.482195565026773
2002-01-11,10.183817643549414
2002-01-12,9.583957411679116
2002-01-13,8.27318132227622
2002-01-14,7.631549000888034
2002-01-15,6.343450635675841
2002-01-16,6.075332003258824
2002-01-17,4.33633612939841
2002-01-18,3.852448093970954
2002-01-19,3.4670880403584468
2002-01-20,3.1357054387906356
2002-01-21,4.960766680715252
2002-01-22,5.071612148106118
2002-01-23,5.278106712455213
2002-01-24,4.9333447777788395
2002-01-25,6.483614393868846
2002-01-26,4.266020231542376
2002-01-27,4.1425965085462195
2002-01-28,5.5601477287776495
2002-01-29,7.546266445840154
2002-01-30,7.469593781690427
2002-01-31,7.1569211865460565
2002-02-01,7.706892611959579
2002-02-02,7.111851796906335
2002-02-03,7.538000915561817
2002-02-04,6.388670216257088
2002-02-05,7.0067829693316375
2002-02-06,6.659942347289848
2002-02-07,5.157457126765626
2002-02-08,2.385313976555633
2002-02-09,3.5621352554052073
2002-02-10,4.129555270818129
2002-02-11,5.0182931157908515
2002-02-12,4.0695124065561
2002-02-13,5.324132567777166
2002-02-14,5.692403214136171
2002-02-15,5.5338828427628535
2002-02-16,6.493505753717255
2002-02-17,7.388851338290955
2002-02-18,7.54394040793022
2002-02-19,10.038594150757405
2002-02-20,11.360976834661804
2002-02-21,10.880280333439702
2002-02-22,9.787023265271076
2002-02-23,9.255187687012098
2002-02-24,11.045275794850117
2002-02-25,10.706107364605767
2002-02-26,8.742784748991363
2002-02-27,7.324357862527784
2002-02-28,6.979137969842237
2002-03-01,7.766827422177167
2002-03-02,6.457987303884525
2002-03-03,6.881668733768281
2002-03-04,8.069031561635477
2002-03-05,8.628514591897218
2002-03-06,6.128975376605724
2002-03-07,5.613712444321663
2002-03-08,4.187774059293212
2002-03-09,4.691149528491239
2002-03-10,3.631934126065383
2002-03-11,4.331536086596517
2002-03-12,4.487754164993733
2002-03-13,2.0499648399501207
2002-03-14,1.6810728788952272
2002-03-15,2.313677012745041
2002-03-16,2.5992587141101686
2002-03-17,2.4758454249755872
2002-03-18,1.6975986844815676
2002-03-19,2.326106955597594
2002-03-20,4.328163276469473
2002-03-21,4.634420759252088
2002-03-22,4.576546851924197
2002-03-23,4.4522787454810135
2002-03-24,3.030983621556579
2002-03-25,2.875452279343046
2002-03-26,2.2964882035121454
2002-03-27,3.615951752990572
2002-03-28,2.8213927091994107
2002-03-29,1.320657610143682
2002-03-30,1.1069083584071058
2002-03-31,1.246772389270345
2002-04-01,1.4012986617780994
2002-04-02,0.6696151989921629
2002-04-03,1.4776200511236788
2002-04-04,1.8445693579170244
2002-04-05,1.7439771017584906
2002-04-06,1.4725160978868317
2002-04-07,2.111909143892851
2002-04-08,2.1030424707898057
2002-04-09,2.6140788777818194
2002-04-10,2.735294171042142
2002-04-11,3.0994853065180656
2002-04-12,4.648118368497029
2002-04-13,4.7238106852130475
2002-04-14,3.6757473824789706
2002-04-15,5.0424009549003905
2002-04-16,5.371659720809354
2002-04-17,4.47547498770987
2002-04-18,5.947259852791465
2002-04-19,5.631843772329562
2002-04-20,7.024114554804975
2002-04-21,5.28843346925251
2002-04-22,2.5641090668052016
2002-04-23,1.1714355483165533
2002-04-24,1.657034148020807
2002-04-25,1.4211895276834867
2002-04-26,1.6483982817660607
2002-04-27,1.8922034931902698
2002-04-28,1.0716903833310014
2002-04-29,2.48671470728053
2002-04-30,1.7989126715919026
2002-05-01,2.191536372370448
2002-05-02,1.3384337288393993
2002-05-03,1.5636955720049492
2002-05-04,2.505181278375091
2002-05-05,2.541200466988842
2002-05-06,2.11930165843913
2002-05-07,2.437617458084204
2002-05-08,2.277747855712549
2002-05-09,3.173245018982513
2002-05-10,6.49070624735287
2002-05-11,5.10921054765917
2002-05-12,4.208925963681929
2002-05-13,4.226260758187032
2002-05-14,4.338813462718438
2002-05-15,3.2057964002844224
2002-05-16,4.106050555584496
2002-05-17,5.404106550192861
2002-05-18,5.803950259933778
2002-05-19,4.107750333691973
2002-05-20,6.5087713833043415
2002-05-21,4.618736919714659
2002-05-22,5.855153148393788
2002-05-23,7.764374125812584
2002-05-24,5.575999560117181
2002-05-25,5.840088272437593
2002-05-26,8.162873207079494
2002-05-27,8.639148134683968
2002-05-28,6.812251654759334
2002-05-29,4.83282975114229
2002-05-30,5.794584335348491
2002-05-31,5.235653702377588
2002-06-01,4.321658194370258
2002-06-02,5.647068457917733
2002-06-03,5.211471612466112
2002-06-04,5.501782698724162
2002-06-05,6.6111532887902404
2002-06-06,7.59778521740796
2002-06-07,7.402455840931241
2002-06-08,7.3528732118708415
2002-06-09,8.399574678041654
2002-06-10,9.117484958696634
2002-06-11,6.799338545054625
2002-06-12,6.480305633388811
2002-06-13,5.048882749803731
2002-06-14,3.4835405372265678
2002-06-15,3.1123871858725014
2002-06-16,1.1721947198831792
2002-06-17,2.4192006541132836
2002-06-18,1.999853177733755
2002-06-19,2.825348398418156
2002-06-20,1.3292454266355818
2002-06-21,0.6303280537052826
2002-06-22,2.7937505286801296
2002-06-23,4.670278349873425
2002-06-24,3.968335457547525
2002-06-25,3.224971856697075
2002-06-26,2.6920909765246015
2002-06-27,3.274934256131862
2002-06-28,3.110001182664557
2002-06-29,2.6851146014680753
2002-06-30,3.2904867853004602
2002-07-01,2.4254409609133396
2002-07-02,6.578378523567415
2002-07-03,5.534221038917871
2002-07-04,7.945584183335679
2002-07-05,6.003629201882069
2002-07-06,6.742186474951505
2002-07-07,8.791387471429701
2002-07-08,7.973551897793252
2002-07-09,9.950828835313798
2002-07-10,11.837922483811804
2002-07-11,15.356990089059318
2002-07-12,14.487568586965276
2002-07-13,12.545059360868631
2002-07-14,9.660784720367456
2002-07-15,9.850033085393996
2002-07-16,7.446097957243015
2002-07-17,7.533252880528545
2002-07-18,7.8577249458610865
2002-07-19,6.758177057741066
2002-07-20,4.905025224380347
2002-07-21,5.948139981608138
2002-07-22,6.775997293561392
2002-07-23,7.350843203637714
2002-07-24,7.340250022325286
2002-07-25,9.538090874405531
2002-07-26,7.155846490801284
2002-07-27,8.212998861234608
2002-07-28,7.282684741723489
2002-07-29,9.301260461196092
2002-07-30,8.45879666766519
2002-07-31,7.660071183561609
2002-08-01,8.751199555399737
2002-08-02,4.621247352602446
2002-08-03,4.411937676836734
2002-08-04,2.312293811382024
2002-08-05,1.7522435405836616
2002-08-06,3.098174109592087
2002-08-07,4.221170902947385
2002-08-08,3.9977346764593094
2002-08-09,4.374079045817275
2002-08-10,4.739791204016352
2002-08-11,5.730324631271886
2002-08-12,10.170966529866481
2002-08-13,10.538163303564048
2002-08-14,16.15515244726061
2002-08-15,14.193239104624627
2002-08-16,15.508833847852127
2002-08-17,16.676505786306823
2002-08-18,16.3168636464639
2002-08-19,14.628449965688155
2002-08-20,18.095648336255042
2002-08-21,22.3615127854297
2002-08-22,23.689850927880805
2002-08-23,29.16724397565157
2002-08-24,29.58762162964714
2002-08-25,21.209691714554257
2002-08-26,22.957764149348552
2002-08-27,19.04015466493907
2002-08-28,22.029574281922084
2002-08-29,19.246781060953182
2002-08-30,18.875447137396446
2002-08-31,17.603857623360145
2002-09-01,14.837405022010655
2002-09-02,9.646437603628181
2002-09-03,9.161919285550896
2002-09-04,8.858862237908879
2002-09-05,11.16067799447067
2002-09-06,9.507988777178042
2002-09-07,10.039723302145266
2002-09-08,7.9641673421163475
2002-09-09,8.147583483798275
2002-09-10,4.698170918306464
2002-09-11,9.391744391224654
2002-09-12,10.02784542049051
2002-09-13,7.864408144517003
2002-09-14,8.800171969304461
2002-09-15,10.625046639059088
2002-09-16,11.046842691304333
2002-09-17,14.28200435446096
2002-09-18,13.21571221047982
2002-09-19,6.942732737242297
2002-09-20,4.867755707946359
2002-09-21,7.573476623949422
2002-09-22,9.721183106529182
2002-09-23,10.505531383218695
2002-09-24,7.958843860235747
2002-09-25,9.939462687641065
2002-09-26,11.408804478520493
2002-09-27,9.019440874664404
2002-09-28,7.0397642846548125
2002-09-29,8.00348843854611
2002-09-30,10.586688541592611
2002-10-01,14.169114286239731
2002-10-02,15.233977683197804
2002-10-03,20.918352575059895
2002-10-04,16.92940992979887
2002-10-05,17.61131268279409
2002-10-06,14.841840558203398
2002-10-07,9.497647569128771
2002-10-08,6.82932602122555
2002-10-09,9.479055256875013
2002-10-10,7.440968986930599
2002-10-11,5.232314710877097
2002-10-12,7.016076464759392
2002-10-13,9.226873980275382
2002-10-14,9.284975230859251
2002-10-15,12.814572690052678
2002-10-16,8.857422576639866
2002-10-17,14.300577943731232
2002-10-18,16.544876246712725
2002-10-19,15.9952544651018
2002-10-20,15.442905286545166
2002-10-21,13.928224970500768
2002-10-22,12.457263890152452
2002-10-23,12.336633826338396
2002-10-24,9.200106393755856
2002-10-25,13.848034016438492
2002-10-26,13.059395967988557
2002-10-27,14.044087701060564
2002-10-28,12.833565816989934
2002-10-29,11.618668209933952
2002-10-30,13.179877325729127
2002-10-31,13.932873169872446
2002-11-01,11.208506897067412
2002-11-02,9.980503614170022
2002-11-03,11.053969656416346
2002-11-04,6.494966212463912
2002-11-05,2.93701662049151
2002-11-06,5.5766875505561115
2002-11-07,5.261954674758548
2002-11-08,2.0841058305570312
2002-11-09,1.6953623858925315
2002-11-10,1.9247727355049775
2002-11-11,2.575796206507514
2002-11-12,3.7065531664666107
2002-11-13,4.353571216933556
2002-11-14,5.522973153556927
2002-11-15,4.4544547059622275
2002-11-16,5.345149746486748
2002-11-17,6.280502381329033
2002-11-18,8.50743925171701
2002-11-19,8.35659785489194
2002-11-20,9.83670796327465
2002-11-21,9.73779648255502
2002-11-22,7.435549868890579
2002-11-23,6.6752688558069675
2002-11-24,5.758075638563465
2002-11-25,5.239802792616816
2002-11-26,5.285221110625131
2002-11-27,5.609262867688903
2002-11-28,6.18170356043504
2002-11-29,4.94532417653739
2002-11-30,6.869445485951448
2002-12-01,4.617557379206232
2002-12-02,4.720708658609067
2002-12-03,6.084213662342479
2002-12-04,6.891351898320982
2002-12-05,7.870939379551668
2002-12-06,7.342127668590111
2002-12-07,8.354998024247699
2002-12-08,6.198126643570291
2002-12-09,7.355945327554032
2002-12-10,11.16534499682496
2002-12-11,11.908319271521204
2002-12-12,15.150060963783021
2002-12-13,13.827828791994055
2002-12-14,10.55945269884913
2002-12-15,8.727324421993746
2002-12-16,10.638714591110906
2002-12-17,11.413269639988483
2002-12-18,7.480897936133544
2002-12-19,6.711660794438448
2002-12-20,6.52250945298199
2002-12-21,4.872518355978066
2002-12-22,2.055123591159951
2002-12-23,1.310633501677437
2002-12-24,1.5490065562987998
2002-12-25,1.5816014405674692
2002-12-26,1.4175844608912385
2002-12-27,2.2484303743960083
2002-12-28,3.668834039517918
2002-12-29,3.7698881927407806
2002-12-30,5.171984381974265
2002-12-31,5.224390434575813
2003-01-01,5.062151476442376
2003-01-02,2.3278007451317646
2003-01-03,3.478191665598601
2003-01-04,3.767797041028708
2003-01-05,4.110821159296861
2003-01-06,3.6461031173439804
2003-01-07,2.642068556288218
2003-01-08,3.3823411167530373
2003-01-09,4.524592734197077
2003-01-10,6.653762813345179
2003-01-11,7.688612584561648
2003-01-12,6.530353605244082
2003-01-13,6.226194761576621
2003-01-14,7.367228025208788
2003-01-15,7.507849555162846
2003-01-16,7.067928403203831
2003-01-17,6.064210451625828
2003-01-18,6.599314139229256
2003-01-19,6.640387239905679
2003-01-20,8.933690514149525
2003-01-21,10.06446702761564
2003-01-22,6.9168404365493705
2003-01-23,9.743377799095255
2003-01-24,9.479403139989742
2003-01-25,8.405539825593525
2003-01-26,8.375465068945932
2003-01-27,9.04859856332312
2003-01-28,8.394841735015579
2003-01-29,7.821835495397642
2003-01-30,7.435179432244157
2003-01-31,9.684825644074575
2003-02-01,9.13258787298054
2003-02-02,9.72597515183481
2003-02-03,9.74403729626709
2003-02-04,8.670181472849983
2003-02-05,7.114477072725172
2003-02-06,5.612441667004033
2003-02-07,5.991122108556659
2003-02-08,4.704541853219172
2003-02-09,3.3807691622365645
2003-02-10,2.3723579701840207
2003-02-11,1.496958401405113
2003-02-12,1.8427983865729736
2003-02-13,2.191720185989791
2003-02-14,1.755423342264426
2003-02-15,3.167182646022095
2003-02-16,3.0487911464066073
2003-02-17,3.710922709180643
2003-02-18,4.166402411285988
2003-02-19,6.062794766885121
2003-02-20,6.9095349666300985
2003-02-21,6.555465066691582
2003-02-22,5.202878688493404
2003-02-23,4.005609632589603
2003-02-24,4.093131569804441
2003-02-25,4.280970006613237
2003-02-26,5.153040506692276
2003-02-27,4.583799576885872
2003-02-28,4.776409099981563
2003-03-01,4.065480938136181
2003-03-02,2.3552651658056605
2003-03-03,2.5699960591476074
2003-03-04,4.254156293865361
2003-03-05,5.165336205228278
2003-03-06,6.753442529490708
2003-03-07,7.957271992808315
2003-03-08,5.8160535390599595
2003-03-09,5.367609138135182
2003-03-10,7.034258414533002
2003-03-11,5.862607193706078
2003-03-12,4.280777176599357
2003-03-13,4.648562824593372
2003-03-14,5.3674556195589975
2003-03-15,5.608371570539652
2003-03-16,5.1078284957922495
2003-03-17,4.3287618014154265
2003-03-18,3.0662469863251793
2003-03-19,2.113429469448006
2003-03-20,1.4356664459741493
2003-03-21,0.9073308573247192
2003-03-22,0.8141298701604872
2003-03-23,2.106656214586741
2003-03-24,2.4357845703931926
2003-03-25,2.369723670357581
2003-03-26,2.9473892191395614
2003-03-27,2.28071922273098
2003-03-28,2.8340414384893786
2003-03-29,3.9994642594937595
2003-03-30,2.5755421127997167
2003-03-31,2.1906542170225087
2003-04-01,2.2464833768338486
2003-04-02,1.7142935111061937
2003-04-03,1.2620381445425426
2003-04-04,1.3257426235847616
2003-04-05,3.8834699558596895
2003-04-06,4.787941917576103
2003-04-07,5.332660381171018
2003-04-08,6.527879334154023
2003-04-09,6.090080225587394
2003-04-10,4.452030914584231
2003-04-11,5.114050888930684
2003-04-12,6.544394838068979
2003-04-13,3.8418596493868846
2003-04-14,4.515226767617889
2003-04-15,6.167798845857125
2003-04-16,5.7172020999353546
2003-04-17,5.123831342115334
2003-04-18,6.0399440433021345
2003-04-19,4.935571549155621
2003-04-20,5.5996983322901075
2003-04-21,6.819620319931041
2003-04-22,6.38828575163661
2003-04-23,5.250654013676075
2003-04-24,6.111196557612006
2003-04-25,5.590489505611602
2003-04-26,5.723339532995522
2003-04-27,2.308937731616138
2003-04-28,3.360919300438636
2003-04-29,2.1557983816058957
2003-04-30,2.519147187291698
2003-05-01,2.9509789532693294
2003-05-02,2.4796016872952444
2003-05-03,1.9317217273445513
2003-05-04,1.257916761155112
2003-05-05,1.375834470809037
2003-05-06,2.2526007872046176
2003-05-07,3.1550710106529096
2003-05-08,2.8780198785239164
2003-05-09,2.552331740108756
2003-05-10,1.5893887955926482
2003-05-11,1.6107661061153398
2003-05-12,1.1629450689733734
2003-05-13,0.6814489677209882
2003-05-14,0.8518464792283433
2003-05-15,2.424591376517388
2003-05-16,4.241869936861186
2003-05-17,6.696524175059237
2003-05-18,4.2075604650900775
2003-05-19,5.741806839675397
2003-05-20,3.994643242304897
2003-05-21,3.476783623398298
2003-05-22,1.8970259552248372
2003-05-23,1.4200039833383213
2003-05-24,1.9106670448137637
2003-05-25,2.5214545270608286
2003-05-26,2.8138230830362723
2003-05-27,2.974642856012826
2003-05-28,4.041586735643131
2003-05-29,4.383500202468686
2003-05-30,2.5580429237170406
2003-05-31,5.380352695064306
2003-06-01,5.113095568475685
2003-06-02,6.911961558466877
2003-06-03,6.595613695279229
2003-06-04,5.201339509880513
2003-06-05,5.548890479217854
2003-06-06,4.472250170772487
2003-06-07,7.530140117682183
2003-06-08,5.532228649961695
2003-06-09,6.813038281925328
2003-06-10,5.77990070445265
2003-06-11,5.6385699922536645
2003-06-12,10.806966237080095
2003-06-13,12.033491568334838
2003-06-14,10.978505238613145
2003-06-15,7.512608019094872
2003-06-16,6.942774850020012
2003-06-17,6.553823289789126
2003-06-18,9.454159176215533
2003-06-19,6.467343781927943
2003-06-20,3.592674536404362
2003-06-21,3.9736850715279886
2003-06-22,4.720093510833027
2003-06-23,8.081013597620299
2003-06-24,6.347340279230262
2003-06-25,2.3929769384956967
2003-06-26,2.065045404940273
2003-06-27,1.3112418065147506
2003-06-28,1.3038382668420665
2003-06-29,2.8797326045926006
2003-06-30,1.8045215887436563
2003-07-01,3.8899637452370692
2003-07-02,4.652427059006233
2003-07-03,4.53807622516574
2003-07-04,3.5698419053562302
2003-07-05,3.4246200355080236
2003-07-06,3.3136864813122977
2003-07-07,5.008372140020476
2003-07-08,7.942261510916206
2003-07-09,7.839966541321342
2003-07-10,9.435568842039256
2003-07-11,12.310200911612137
2003-07-12,15.021828989188085
2003-07-13,15.454451548152768
2003-07-14,19.892081718872962
2003-07-15,22.194126778476107
2003-07-16,25.69935897046869
2003-07-17,22.635934553981183
2003-07-18,19.55841916074172
2003-07-19,12.589598881382573
2003-07-20,16.02497758769315
2003-07-21,17.05571308933273
2003-07-22,13.441654710750111
2003-07-23,13.393015026411634
2003-07-24,13.625641643484306
2003-07-25,8.999408768607232
2003-07-26,9.730246456663304
2003-07-27,12.344886167515371
2003-07-28,15.321899748664848
2003-07-29,13.626729435993262
2003-07-30,12.232253819764024
2003-07-31,15.382133108463135
2003-08-01,17.452907144848737
2003-08-02,14.756778236881965
2003-08-03,12.469822431941907
2003-08-04,13.712650171878725
2003-08-05,11.560646664454444
2003-08-06,9.889786051716763
2003-08-07,14.207517891192683
2003-08-08,14.392410520109912
2003-08-09,12.585614739561827
2003-08-10,13.652592603027996
2003-08-11,19.223798171023773
2003-08-12,18.728726132795213
2003-08-13,15.183546852579124
2003-08-14,10.349145996555245
2003-08-15,15.845043927337963
2003-08-16,8.457983082710037
2003-08-17,11.198088276499961
2003-08-18,8.677254708331214
2003-08-19,6.014920313640563
2003-08-20,4.491817415491002
2003-08-21,4.696440590720354
2003-08-22,7.523980694643373
2003-08-23,6.331158891268655
2003-08-24,8.223334310526328
2003-08-25,14.630985056531427
2003-08-26,7.059949507408136
2003-08-27,5.785610222324818
2003-08-28,3.039655481347375
2003-08-29,5.103579911351961
2003-08-30,3.085705242474205
2003-08-31,1.6597709637232276
2003-09-01,0.9369095221858492
2003-09-02,1.3414512372789096
2003-09-03,3.34767165703271
2003-09-04,4.163796586857575
2003-09-05,9.3028776006144
2003-09-06,13.398373714293703
2003-09-07,12.591278025548311
2003-09-08,14.77141064830885
2003-09-09,14.453732240502754
2003-09-10,14.01659701113956
2003-09-11,8.653008715565209
2003-09-12,5.854823588258286
2003-09-13,6.270384094252531
2003-09-14,4.284921662676258
2003-09-15,6.221006741142662
2003-09-16,7.2752136411068635
2003-09-17,5.560684489157352
2003-09-18,8.598525778179868
2003-09-19,9.265698292042
2003-09-20,12.313617893668496
2003-09-21,11.611367041515912
2003-09-22,7.486770552309841
2003-09-23,9.31392118365272
2003-09-24,8.743071061778945
2003-09-25,10.763781597413114
2003-09-26,13.343599932786162
2003-09-27,16.006555214563097
2003-09-28,11.317965970645375
2003-09-29,5.7440066316598
2003-09-30,5.134951634746067
2003-10-01,6.953769313726284
2003-10-02,5.680253711645175
2003-10-03,6.679402863181291
2003-10-04,5.2948214448800925
2003-10-05,5.092458704729583
2003-10-06,4.931339593013309
2003-10-07,4.269016073478224
2003-10-08,5.705352113952363
2003-10-09,6.824882863329069
2003-10-10,10.76616153915296
2003-10-11,11.432582688658698
2003-10-12,14.504587211862527
2003-10-13,14.055112960643426
2003-10-14,15.755855598172463
2003-10-15,14.37813379962306
2003-10-16,12.436532993295401
2003-10-17,15.387391357866756
2003-10-18,16.720860329494773
2003-10-19,18.00231997876185
2003-10-20,14.513304457404718
2003-10-21,9.658338870372447
2003-10-22,7.629490907702941
2003-10-23,8.373006238382295
2003-10-24,5.3999174788585425
2003-10-25,8.706616964001999
2003-10-26,5.585171957108366
2003-10-27,7.0640229145928775
2003-10-28,13.158971131623396
2003-10-29,6.802614918408725
2003-10-30,4.08789528650648
2003-10-31,6.258366861580459
2003-11-01,6.07301142354354
2003-11-02,6.640571673920422
2003-11-03,6.510388917176782
2003-11-04,9.524124265463888
2003-11-05,10.633925667784291
2003-11-06,9.23428011886147
2003-11-07,8.516313184072102
2003-11-08,6.075079187596266
2003-11-09,6.051702013880424
2003-11-10,2.6455046390969508
2003-11-11,4.009505812814549
2003-11-12,3.9391569195203924
2003-11-13,7.584340442124508
2003-11-14,9.877328335835756
2003-11-15,7.0147365869557685
2003-11-16,8.708984548128031
2003-11-17,7.45851880240463
2003-11-18,7.479384672593188
2003-11-19,9.310525450212607
2003-11-20,9.610290276116878
2003-11-21,10.22703160989082
2003-11-22,10.698785353338074
2003-11-23,8.718701212587723
2003-11-24,7.238228632054551
2003-11-25,8.130507312700393
2003-11-26,9.559205266381554
2003-11-27,8.626444786451996
2003-11-28,8.509120520646842
2003-11-29,6.449498225721042
2003-11-30,2.6232174893389972
2003-12-01,2.0756300163901
2003-12-02,2.490385227947003
2003-12-03,3.013232776561173
2003-12-04,4.480623504447335
2003-12-05,6.069880697166246
2003-12-06,7.673370869046267
2003-12-07,8.103824107053098
2003-12-08,8.513329617066155
2003-12-09,6.945536889274999
2003-12-10,7.429295074754552
2003-12-11,7.519194646311145
2003-12-12,9.339626931159192
2003-12-13,6.176808369326496
2003-12-14,5.325646751253323
2003-12-15,3.0007952589525124
2003-12-16,2.38920511559696
2003-12-17,1.3904251497980495
2003-12-18,1.921418412157445
2003-12-19,1.6556439217059458
2003-12-20,0.39259461777617866
2003-12-21,1.3337920671265582
2003-12-22,0.8808434751255572
2003-12-23,0.3925908529937321
2003-12-24,0.5254162245736125
2003-12-25,0.4463110844165833
2003-12-26,0.2928576485385257
2003-12-27,0.7626595071889508
2003-12-28,0.8108058721232643
2003-12-29,1.7339793826644865
2003-12-30,2.7011324079164374
2003-12-31,3.6329778398448083
2004-01-01,3.9571682368799768
2004-01-02,3.8761162499484763
2004-01-03,3.4471320703501918
2004-01-04,5.451617460081952
2004-01-05,2.909792494371609
2004-01-06,1.9945927229989615
2004-01-07,1.640979717850945
2004-01-08,2.2508952750475513
2004-01-09,2.576438517004131
2004-01-10,2.2709119947448726
2004-01-11,2.1374575847207313
2004-01-12,4.230635899019416
2004-01-13,3.3858325663232822
2004-01-14,1.0336531934479185
2004-01-15,2.8570878572111784
2004-01-16,2.0898503126825276
2004-01-17,2.0105323625802463
2004-01-18,2.355819544946301
2004-01-19,1.4417624424519184
2004-01-20,2.7404083018544263
2004-01-21,2.762026949617029
2004-01-22,1.6506610306407077
2004-01-23,2.068237189593612
2004-01-24,2.678966871030682
2004-01-25,2.741042801656845
2004-01-26,3.3652394640866214
2004-01-27,2.0004757025769253
2004-01-28,3.081816652945274
2004-01-29,2.3564432774083226
2004-01-30,3.8646730996552896
2004-01-31,3.1630818262119447
2004-02-01,3.401676183699945
2004-02-02,6.5511611884005045
2004-02-03,6.22760278980274
2004-02-04,7.348389977598059
2004-02-05,7.5100770708885145
2004-02-06,5.133559309542091
2004-02-07,6.367063431722248
2004-02-08,7.439209057165421
2004-02-09,5.199142185664351
2004-02-10,4.928369833992939
2004-02-11,3.133492110185265
2004-02-12,2.9290299267643123
2004-02-13,3.991569064415298
2004-02-14,4.085004327429735
2004-02-15,2.7854760642682512
2004-02-16,2.098820949690414
2004-02-17,2.288164612711209
2004-02-18,2.434395045942802
2004-02-19,2.710785917044724
2004-02-20,3.4453162393944914
2004-02-21,1.7804701744952451
2004-02-22,1.987883224387272
2004-02-23,3.2526134357108147
2004-02-24,3.8406753253892867
2004-02-25,3.101594587316159
2004-02-26,2.5974133745811923
2004-02-27,2.8942529899433143
2004-02-28,3.710120089648195
2004-02-29,3.723883087684509
2004-03-01,5.629166032108727
2004-03-02,7.061503586744521
2004-03-03,5.675619986183831
2004-03-04,6.052343893007938
2004-03-05,5.383046946650804
2004-03-06,3.868016277713498
2004-03-07,3.2162428893923383
2004-03-08,3.312639890169697
2004-03-09,1.5489077448191844
2004-03-10,1.3354185827179155
2004-03-11,1.8510914923279134
2004-03-12,1.5326709679404869
2004-03-13,1.4891105886263865
2004-03-14,2.429305043285575
2004-03-15,2.5562583473062714
2004-03-16,2.890547998364641
2004-03-17,5.22663761759852
2004-03-18,5.321801652538895
2004-03-19,5.554904010182269
2004-03-20,5.92053015045715
2004-03-21,7.903710719515095
2004-03-22,7.944821341984771
2004-03-23,7.524973293165461
2004-03-24,7.031581957035605
2004-03-25,8.298266812665299
2004-03-26,6.904458761570202
2004-03-27,8.333345229929275
2004-03-28,8.1265974034061
2004-03-29,5.929526965150126
2004-03-30,6.66663158313767
2004-03-31,7.104483997228121
2004-04-01,5.405718608774836
2004-04-02,5.8221622944061595
2004-04-03,6.063838951628141
2004-04-04,5.617000612656626
2004-04-05,4.224994396141648
2004-04-06,7.1561235752462125
2004-04-07,8.058183054602065
2004-04-08,9.255495754555119
2004-04-09,10.45216751160921
2004-04-10,11.138065279761724
2004-04-11,11.866117842155546
2004-04-12,10.384049651576362
2004-04-13,11.189164559216342
2004-04-14,10.193407772460214
2004-04-15,8.830362277640766
2004-04-16,9.535086886930944
2004-04-17,8.742162005564355
2004-04-18,5.911678096810195
2004-04-19,5.405441609356984
2004-04-20,6.26997124672518
2004-04-21,6.241470631251695
2004-04-22,7.4782506547420144
2004-04-23,6.833613633904188
2004-04-24,5.454651251058239
2004-04-25,6.631015094473202
2004-04-26,6.821236187241165
2004-04-27,5.060692205040431
2004-04-28,5.857159760276277
2004-04-29,5.569987928574883
2004-04-30,7.093585229715889
2004-05-01,8.21933056719427
2004-05-02,8.763154710645784
2004-05-03,5.12678840611747
2004-05-04,5.8099199606224605
2004-05-05,6.586092497643155
2004-05-06,7.398522437376874
2004-05-07,7.485180116560694
2004-05-08,6.321154134980455
2004-05-09,6.0035559389434
2004-05-10,3.1635977521681693
2004-05-11,3.2102746559053563
2004-05-12,1.9699899665609668
2004-05-13,2.0793823774532423
2004-05-14,1.8859312869694942
2004-05-15,3.9071305459609027
2004-05-16,4.344939979101142
2004-05-17,4.658564085815328
2004-05-18,5.243671217401812
2004-05-19,8.927570755445958
2004-05-20,7.148705941837948
2004-05-21,7.732706172965832
2004-05-22,8.358063515934779
2004-05-23,8.606969888937432
2004-05-24,8.777506825213205
2004-05-25,7.819579562105722
2004-05-26,10.039659102175811
2004-05-27,11.455653632477397
2004-05-28,10.32840094431405
2004-05-29,9.608415968935493
2004-05-30,10.03321046609559
2004-05-31,10.805371206863269
2004-06-01,12.041032402289094
2004-06-02,11.54972620467154
2004-06-03,8.681063783764406
2004-06-04,10.569609150553498
2004-06-05,7.2703424423911605
2004-06-06,5.767762159860095
2004-06-07,6.753985153575538
2004-06-08,5.430344248249373
2004-06-09,8.310211642853801
2004-06-10,11.722543563722962
2004-06-11,14.201082578505114
2004-06-12,14.30814542984292
2004-06-13,14.145899721612313
2004-06-14,14.604488237337701
2004-06-15,13.342099836751386
2004-06-16,18.03983089869167
2004-06-17,15.423400375651944
2004-06-18,18.090111702572706
2004-06-19,18.444287620191673
2004-06-20,18.143306486614115
2004-06-21,19.73345146105011
2004-06-22,22.18542467262934
2004-06-23,22.87824584123037
2004-06-24,21.06696266497797
2004-06-25,17.683295474893413
2004-06-26,14.864766722024148
2004-06-27,16.603386224972695
2004-06-28,17.57874477425348
2004-06-29,18.926390526142484
2004-06-30,16.299524589155183
2004-07-01,20.6847227842093
2004-07-02,15.684697620447256
2004-07-03,16.0517441910193
2004-07-04,17.098386865248678
2004-07-05,14.940311825122365
2004-07-06,11.569186874492623
2004-07-07,10.440608501860483
2004-07-08,7.922720502834157
2004-07-09,7.6900057983082934
2004-07-10,5.342378863596327
2004-07-11,3.6299137627096325
2004-07-12,4.251463046092755
2004-07-13,2.5838079935232017
2004-07-14,2.8657206561324275
2004-07-15,3.2849682430347222
2004-07-16,5.297605573947158
2004-07-17,6.198816306305921
2004-07-18,5.004508172373448
2004-07-19,8.07351805960633
2004-07-20,6.784779380611173
2004-07-21,6.259274372920964
2004-07-22,5.982294092579404
2004-07-23,11.231537791740994
2004-07-24,11.190804653817835
2004-07-25,9.392323961768414
2004-07-26,11.105864971605143
2004-07-27,10.593417203498927
2004-07-28,16.58193206236471
2004-07-29,13.729046797881994
2004-07-30,14.878920935606702
2004-07-31,11.862231154733202
2004-08-01,16.330939313464125
2004-08-02,13.542784872172591
2004-08-03,13.576262281190868
2004-08-04,10.977903745611874
2004-08-05,13.01555544375818
2004-08-06,14.12163572595098
2004-08-07,8.050902174690885
2004-08-08,10.124692806655835
2004-08-09,11.697395859042787
2004-08-10,12.03436243677029
2004-08-11,14.30998549122533
2004-08-12,10.627059588988379
2004-08-13,6.507768585663921
2004-08-14,8.371115278403398
2004-08-15,12.592777715392709
2004-08-16,9.357121257799697
2004-08-17,6.765925721580089
2004-08-18,5.378351003780889
2004-08-19,3.7242065597984717
2004-08-20,5.823536605966262
2004-08-21,6.514054658134252
2004-08-22,10.034036018017954
2004-08-23,13.382267820197486
2004-08-24,10.410429231144665
2004-08-25,11.906935504599424
2004-08-26,6.253069554573753
2004-08-27,6.438973596480958
2004-08-28,8.145514712617326
2004-08-29,6.489055915338819
2004-08-30,3.513839531067623
2004-08-31,3.2905912418792704
2004-09-01,5.980288894158687
2004-09-02,5.580922092587978
2004-09-03,3.5643976675482625
2004-09-04,4.887222565255858
2004-09-05,6.870853936824333
2004-09-06,5.066323524041246
2004-09-07,5.220582542466752
2004-09-08,7.980060293644337
2004-09-09,8.980356755923996
2004-09-10,10.730762034776504
2004-09-11,9.83455585438295
2004-09-12,9.443257107195013
2004-09-13,6.7395080330272235
2004-09-14,5.563969561208968
2004-09-15,9.352633403406585
2004-09-16,8.343104157540507
2004-09-17,6.417529079631593
2004-09-18,5.772484189790317
2004-09-19,4.202371954871342
2004-09-20,5.680446797468163
2004-09-21,8.042289718203758
2004-09-22,6.103907999482028
2004-09-23,8.768817448839899
2004-09-24,13.95455657581118
2004-09-25,10.714633625405721
2004-09-26,12.186937387708786
2004-09-27,12.48397050824529
2004-09-28,15.644933620268212
2004-09-29,18.51490120292108
2004-09-30,20.64257632064924
2004-10-01,19.95572074665547
2004-10-02,17.334491941187444
2004-10-03,22.775107438213773
2004-10-04,18.702312224144013
2004-10-05,20.763350194390178
2004-10-06,22.058546478127877
2004-10-07,18.26035406109397
2004-10-08,17.15007390550237
2004-10-09,20.32997393493757
2004-10-10,13.46960875766335
2004-10-11,14.95094923428108
2004-10-12,13.41665725886524
2004-10-13,12.17735395328692
2004-10-14,8.539035666453524
2004-10-15,9.42610587305122
2004-10-16,7.12512092942412
2004-10-17,8.758860676232722
2004-10-18,6.3454448860959465
2004-10-19,8.1072628304556
2004-10-20,8.83728788749714
2004-10-21,4.967486040468812
2004-10-22,4.714789056025605
2004-10-23,4.864168054505827
2004-10-24,2.0800011023582683
2004-10-25,2.160901594015381
2004-10-26,3.6690937266572705
2004-10-27,3.046331605818854
2004-10-28,5.309957156538646
2004-10-29,3.733589421627208
2004-10-30,2.5115522990249564
2004-10-31,3.7329886082513517
2004-11-01,5.11590046939223
2004-11-02,5.05688126396567
2004-11-03,5.279794240969593
2004-11-04,7.361903184584827
2004-11-05,6.237854878693208
2004-11-06,10.336840409558416
2004-11-07,10.828305327420027
2004-11-08,11.22326189994594
2004-11-09,11.246892730540207
2004-11-10,10.001718187318984
2004-11-11,12.23790990069301
2004-11-12,10.24692358620449
2004-11-13,10.155387585623247
2004-11-14,11.073225305641134
2004-11-15,13.497520431600101
2004-11-16,15.409532757392123
2004-11-17,13.26432451147777
2004-11-18,14.598668433131282
2004-11-19,13.268949120649914
2004-11-20,10.077874756553486
2004-11-21,7.720721576143572
2004-11-22,4.875902741038175
2004-11-23,5.549393685962171
2004-11-24,7.514831806628032
2004-11-25,5.625626377061212
2004-11-26,5.202952661083154
2004-11-27,3.660901783111664
2004-11-28,3.9344249773485114
2004-11-29,2.66168951202758
2004-11-30,2.102126871516426
2004-12-01,1.8273155330879127
2004-12-02,1.7171142271249058
2004-12-03,1.7472393945992744
2004-12-04,1.8761895393607
2004-12-05,2.0247879176560506
2004-12-06,1.5032957679302816
2004-12-07,2.3320738517673125
2004-12-08,1.1772231644948237
2004-12-09,1.6150254981561303
2004-12-10,1.2165982477956627
2004-12-11,1.636789961692301
2004-12-12,2.188346929871374
2004-12-13,0.9136765360029522
2004-12-14,1.4779270128671291
2004-12-15,3.0674660992883314
2004-12-16,4.219011052422229
2004-12-17,4.821171491459768
2004-12-18,2.2986577065068543
2004-12-19,2.4024463764104924
2004-12-20,1.814619976492351
2004-12-21,3.141039474772119
2004-12-22,2.970983922551453
2004-12-23,2.5162889813889455
2004-12-24,1.2476078580658698
2004-12-25,2.15004788642524
2004-12-26,1.886902064818909
2004-12-27,1.9267825920492117
2004-12-28,3.2639300976395402
2004-12-29,3.4728381576744023
2004-12-30,3.9518872219764307
2004-12-31,7.225301231930255
2005-01-01,6.123377556137912
2005-01-02,5.258615483289715
2005-01-03,5.79004329286166
2005-01-04,7.513011560525323
2005-01-05,5.167523226820257
2005-01-06,4.749744646500059
2005-01-07,3.5096705993207986
2005-01-08,2.2121412386672215
2005-01-09,2.978524417286509
2005-01-10,2.3525777232618803
2005-01-11,2.8288529528558017
2005-01-12,3.084077649798654
2005-01-13,3.3402395521295296
2005-01-14,3.4713546326605074
2005-01-15,2.4678887527252145
2005-01-16,2.550887874612192
2005-01-17,2.918539887361113
2005-01-18,3.371185284546719
2005-01-19,3.1294085255905113
2005-01-20,4.281881067619324
2005-01-21,4.886370532475939
2005-01-22,4.883210561959818
2005-01-23,5.48062036715233
2005-01-24,5.465641854342925
2005-01-25,6.068276748763511
2005-01-26,3.5325933106115532
2005-01-27,2.3128445095978845
2005-01-28,2.1268430105733906
2005-01-29,2.3821142723753677
2005-01-30,1.009506267429861
2005-01-31,1.0895316188849224
2005-02-01,1.397166271527211
2005-02-02,1.4377513284398244
2005-02-03,1.4708076052171877
2005-02-04,0.8897285384106203
2005-02-05,1.153554745027558
2005-02-06,0.4730709150026596
2005-02-07,1.0538809264474343
2005-02-08,0.932036227937667
2005-02-09,1.8359168443463951
2005-02-10,0.9061479223246632
2005-02-11,1.3428853057617602
2005-02-12,1.6381512236703335
2005-02-13,1.2479931658659604
2005-02-14,0.8055046467984125
2005-02-15,1.74786727941862
2005-02-16,2.2281172628338606
2005-02-17,3.7659677507439935
2005-02-18,3.6655849879674487
2005-02-19,3.8112478797930147
2005-02-20,4.2243490321201085
2005-02-21,4.917566676685974
2005-02-22,5.255684367388932
2005-02-23,5.9370376765509505
2005-02-24,5.099828202729996
2005-02-25,3.3778639248814093
2005-02-26,5.525737599209877
2005-02-27,5.4772295464009995
2005-02-28,5.772630013300144
2005-03-01,5.011672726754706
2005-03-02,5.975126614363479
2005-03-03,5.906355254486782
2005-03-04,6.950283872487731
2005-03-05,5.7372233500177225
2005-03-06,5.423301966727185
2005-03-07,5.449858780004854
2005-03-08,4.875862105555984
2005-03-09,5.060275984925684
2005-03-10,6.787479963308644
2005-03-11,5.723283341136554
2005-03-12,5.218529821506144
2005-03-13,5.2777091572752814
2005-03-14,4.082826672150642
2005-03-15,2.837340937922769
2005-03-16,4.146328860586301
2005-03-17,5.008796876372394
2005-03-18,3.2605079901327905
2005-03-19,2.0817035323444055
2005-03-20,2.9717064479336885
2005-03-21,4.4032550911605615
2005-03-22,5.105225853274895
2005-03-23,5.611978055875722
2005-03-24,7.452270450896497
2005-03-25,7.041391604984134
2005-03-26,8.470373096515443
2005-03-27,9.734511157105493
2005-03-28,7.674088112947704
2005-03-29,8.235651304571494
2005-03-30,7.856191464030603
2005-03-31,6.596691455558728
2005-04-01,5.3581507691787795
2005-04-02,5.692093011641482
2005-04-03,5.512621048750401
2005-04-04,6.454694184164567
2005-04-05,4.124320491129135
2005-04-06,3.452563709102973
2005-04-07,4.907108244931345
2005-04-08,4.905352001399818
2005-04-09,4.052502698992008
2005-04-10,3.576943374416289
2005-04-11,1.9435926573060183
2005-04-12,1.217114616954824
2005-04-13,1.924102137707812
2005-04-14,2.2738286957744034
2005-04-15,3.936328009036034
2005-04-16,3.7595455262893562
2005-04-17,3.7269536408736195
2005-04-18,1.396560997248222
2005-04-19,1.6092623804720811
2005-04-20,4.0914591645119
2005-04-21,5.097444994195037
2005-04-22,4.983976069806081
2005-04-23,6.726906487268353
2005-04-24,7.84814280377611
2005-04-25,8.104790075942185
2005-04-26,7.246657010938042
2005-04-27,7.284406466512608
2005-04-28,8.466242140173877
2005-04-29,6.935975621315778
2005-04-30,7.571287458376964
2005-05-01,8.123402464289622
2005-05-02,10.112237794461397
2005-05-03,11.050971894501181
2005-05-04,9.178121929403307
2005-05-05,11.717660290293187
2005-05-06,11.080642974647311
2005-05-07,9.111687574704538
2005-05-08,9.35406846786628
2005-05-09,8.526472522599954
2005-05-10,10.151239525718564
2005-05-11,7.463264494734084
2005-05-12,5.5919237068132235
2005-05-13,5.307457683332151
2005-05-14,8.182002103169681
2005-05-15,9.794901399993273
2005-05-16,7.694256222116077
2005-05-17,4.852505366773853
2005-05-18,4.559351077241419
2005-05-19,3.1340745253319464
2005-05-20,4.243562134345564
2005-05-21,4.768332871889315
2005-05-22,4.996804088683776
2005-05-23,4.5243422737295536
2005-05-24,7.244473758685983
2005-05-25,5.630155584391247
2005-05-26,3.7636951952578728
2005-05-27,5.837204658012224
2005-05-28,8.293911237753152
2005-05-29,7.5178344298334245
2005-05-30,8.62221623417972
2005-05-31,13.273391803015409
2005-06-01,10.693721277348144
2005-06-02,9.913663524754124
2005-06-03,10.534919175121015
2005-06-04,6.207182998121425
2005-06-05,6.096041350212974
2005-06-06,7.588931470608982
2005-06-07,7.348814246685648
2005-06-08,9.296696219074628
2005-06-09,10.595864701653753
2005-06-10,9.420744198405599
2005-06-11,10.277796154296997
2005-06-12,10.895945817103275
2005-06-13,7.228704546438688
2005-06-14,5.673944527887348
2005-06-15,4.547266217453883
2005-06-16,4.031496120660317
2005-06-17,3.7115796149286218
2005-06-18,2.2491017399699818
2005-06-19,2.7360889442324665
2005-06-20,1.2741398577399974
2005-06-21,2.7352998739323677
2005-06-22,3.5378238435381797
2005-06-23,6.29057250876157
2005-06-24,7.137791306180536
2005-06-25,6.247677577705484
2005-06-26,3.965380530649648
2005-06-27,5.471125981144559
2005-06-28,5.725920932743846
2005-06-29,6.708455148380349
2005-06-30,8.345440009344449
2005-07-01,10.857949146608961
2005-07-02,10.430545801486579
2005-07-03,14.212497003301207
2005-07-04,13.187163411820892
2005-07-05,12.521227953477714
2005-07-06,13.607127163507972
2005-07-07,15.531007381266607
2005-07-08,18.472012399628788
2005-07-09,12.150420128220738
2005-07-10,15.06037420891903
2005-07-11,10.466087437894576
2005-07-12,8.882173650565424
2005-07-13,9.63673362823746
2005-07-14,12.17215555958811
2005-07-15,9.365130860347378
2005-07-16,5.6517150032258945
2005-07-17,7.906250888969056
2005-07-18,8.678099281367665
2005-07-19,6.384794578496765
2005-07-20,5.992113400836127
2005-07-21,2.956448246315842
2005-07-22,4.390960037434276
2005-07-23,3.936180098109257
2005-07-24,6.736232058594267
2005-07-25,3.2662340059681676
2005-07-26,4.969035701437733
2005-07-27,10.126676891344514
2005-07-28,10.26894242946579
2005-07-29,10.437300365403859
2005-07-30,6.008724080313199
2005-07-31,7.0768061603186085
2005-08-01,7.304119705684788
2005-08-02,6.2358220753528135
2005-08-03,3.6840096948758014
2005-08-04,4.283122940402162
2005-08-05,3.1218669419160414
2005-08-06,2.910585635991584
2005-08-07,3.9158534128006273
2005-08-08,4.261890395363239
2005-08-09,4.694630264456205
2005-08-10,6.9768795270882515
2005-08-11,4.793050579583001
2005-08-12,8.12143552157671
2005-08-13,5.720768076496058
2005-08-14,4.31806243242231
2005-08-15,4.953088609322854
2005-08-16,6.9451243451132205
2005-08-17,7.708042053454867
2005-08-18,6.778761411083693
2005-08-19,5.5423422732947865
2005-08-20,5.35791582503748
2005-08-21,4.001101097008148
2005-08-22,5.512928141771176
2005-08-23,5.43243441163406
2005-08-24,9.315474357889233
2005-08-25,7.497464865367808
2005-08-26,7.351018640576388
2005-08-27,8.47702372051177
2005-08-28,5.997003449173133
2005-08-29,4.9769124880482
2005-08-30,11.823842077379195
2005-08-31,11.343844851288246
2005-09-01,14.850509977692377
2005-09-02,11.321983768414125
2005-09-03,5.481125294018062
2005-09-04,6.906831720232555
2005-09-05,7.008814127658768
2005-09-06,7.802086188580847
2005-09-07,7.1630090588582
2005-09-08,5.990082099426485
2005-09-09,3.9715414645794227
2005-09-10,6.301421778304919
2005-09-11,3.73612611603037
2005-09-12,5.925728816106549
2005-09-13,5.698225456887775
2005-09-14,3.982115168203759
2005-09-15,3.3273218943949674
2005-09-16,5.471708696125154
2005-09-17,7.307667913210031
2005-09-18,8.500474929126
2005-09-19,8.691114905858228
2005-09-20,6.146224073533616
2005-09-21,9.32955106011077
2005-09-22,8.179635533625069
2005-09-23,6.895713434998938
2005-09-24,5.941808550635998
2005-09-25,5.3524430167992465
2005-09-26,3.191407062796292
2005-09-27,2.9778569358286524
2005-09-28,2.4106326578396704
2005-09-29,2.231925230399524
2005-09-30,1.0605664562701116
2005-10-01,3.7376601285708255
2005-10-02,2.4443111283580325
2005-10-03,3.2698689785741135
2005-10-04,4.202732819054728
2005-10-05,6.408760977810161
2005-10-06,10.77635748650461
2005-10-07,11.350645136516047
2005-10-08,12.5953678420097
2005-10-09,10.903296296122877
2005-10-10,14.127128252227227
2005-10-11,9.913337508795939
2005-10-12,9.124027196057654
2005-10-13,9.52016724122685
2005-10-14,10.928797340651668
2005-10-15,12.400677619064759
2005-10-16,14.617207389611812
2005-10-17,15.100318969475735
2005-10-18,14.12530042118035
2005-10-19,13.753144725881764
2005-10-20,16.767742990994638
2005-10-21,16.213713503584533
2005-10-22,17.468661726380436
2005-10-23,15.623938351308553
2005-10-24,10.097266817814148
2005-10-25,8.447468273725505
2005-10-26,9.012723689164076
2005-10-27,12.384755410509785
2005-10-28,15.24808119814932
2005-10-29,18.757808408536672
2005-10-30,15.159587079216525
2005-10-31,16.081147087856564
2005-11-01,14.64212696374034
2005-11-02,15.264565980135732
2005-11-03,13.822397687302432
2005-11-04,9.857872385535938
2005-11-05,10.928599175894131
2005-11-06,11.182602488271632
2005-11-07,12.44320912265661
2005-11-08,9.843620188320608
2005-11-09,11.63994438461298
2005-11-10,13.563875408509585
2005-11-11,16.064087481735772
2005-11-12,18.359403702843405
2005-11-13,15.567602248055977
2005-11-14,8.717132601274903
2005-11-15,10.422526622509631
2005-11-16,8.114704079100207
2005-11-17,7.467351705226469
2005-11-18,9.43695983688044
2005-11-19,9.580794348334983
2005-11-20,9.660000446758929
2005-11-21,10.616752701852986
2005-11-22,6.510345980746329
2005-11-23,9.965490480702872
2005-11-24,8.802909452454392
2005-11-25,7.880463408092277
2005-11-26,8.73011827927326
2005-11-27,8.143750551640801
2005-11-28,6.4178090185696615
2005-11-29,6.109362219876869
2005-11-30,5.437188513089061
2005-12-01,4.4297490762777665
2005-12-02,7.931899598981413
2005-12-03,5.27454656065278
2005-12-04,2.3792976005870523
2005-12-05,1.8009367209386513
2005-12-06,1.322871683378245
2005-12-07,3.055038323824312
2005-12-08,3.474664965463232
2005-12-09,4.880676548405144
2005-12-10,5.889039757423268
2005-12-11,4.389286806355898
2005-12-12,5.758210618487546
2005-12-13,5.946642697524608
2005-12-14,8.955684944748205
2005-12-15,8.764312048152506
2005-12-16,8.152837772807493
2005-12-17,8.987067447581316
2005-12-18,9.734762964028365
2005-12-19,6.161947001393698
2005-12-20,7.888206237091883
2005-12-21,9.278390825430641
2005-12-22,10.100710216708885
2005-12-23,7.48467506031031
2005-12-24,4.203216309692625
2005-12-25,3.889226088232269
2005-12-26,4.987537157695408
2005-12-27,5.591953940075703
2005-12-28,4.0917784351960025
2005-12-29,5.441167840495503
2005-12-30,3.493776372291887
2005-12-31,2.185468992377885
2006-01-01,2.397388544984238
2006-01-02,2.058008974978836
2006-01-03,1.684182013347037
2006-01-04,0.9074402250526229
2006-01-05,1.993236459514527
2006-01-06,1.3413555232471053
2006-01-07,1.9275067361957976
2006-01-08,2.921408076545449
2006-01-09,3.0067678864804894
2006-01-10,3.4273505000401414
2006-01-11,4.767264475357222
2006-01-12,6.7809690622602
2006-01-13,7.817956876104428
2006-01-14,5.438974062048771
2006-01-15,3.031178416778736
2006-01-16,2.543797420925473
2006-01-17,1.7386422055689803
2006-01-18,2.437577008983576
2006-01-19,2.717575007711756
2006-01-20,2.620317100309844
2006-01-21,3.987569218869084
2006-01-22,5.182257437057908
2006-01-23,4.977557266146597
2006-01-24,5.2435350326825265
2006-01-25,6.425053925383769
2006-01-26,5.685389092707481
2006-01-27,5.813654625281029
2006-01-28,4.437035649998212
2006-01-29,4.416908925276562
2006-01-30,4.724345839208271
2006-01-31,4.513134952627914
2006-02-01,4.6640289509046715
2006-02-02,5.349389678367404
2006-02-03,5.674909094604375
2006-02-04,4.630354139686766
2006-02-05,3.8465010824578223
2006-02-06,2.5963218325680577
2006-02-07,4.52064159798097
2006-02-08,4.89669996919725
2006-02-09,5.265923646464531
2006-02-10,4.92346235141542
2006-02-11,5.336227135263089
2006-02-12,5.7414559159696275
2006-02-13,4.668628837751277
2006-02-14,4.391841760729884
2006-02-15,5.641484510645232
2006-02-16,3.994422922759608
2006-02-17,2.9792232134273156
2006-02-18,3.6793255274644316
2006-02-19,2.897044766352606
2006-02-20,3.7659349044272905
2006-02-21,2.6914512015391114
2006-02-22,3.034551296777147
2006-02-23,4.0018536068286465
2006-02-24,4.39036508063589
2006-02-25,5.188493062754651
2006-02-26,4.826118136212121
2006-02-27,4.551479610556675
2006-02-28,4.469155049891061
2006-03-01,5.00670241106159
2006-03-02,9.573608380887723
2006-03-03,8.717099770646263
2006-03-04,10.718062784738915
2006-03-05,9.527301759278245
2006-03-06,7.222274568124741
2006-03-07,6.4800553044223
2006-03-08,6.676801017050908
2006-03-09,6.564745739601198
2006-03-10,6.423050903618552
2006-03-11,6.819015164816151
2006-03-12,7.204421975672872
2006-03-13,8.047009204515241
2006-03-14,6.032493483310517
2006-03-15,5.822123117206439
2006-03-16,4.572186364758868
2006-03-17,4.806499895813122
2006-03-18,4.681246164139109
2006-03-19,4.823661082138866
2006-03-20,4.261234117542823
2006-03-21,3.3819832345256633
2006-03-22,3.2288065091144538
2006-03-23,4.089206570144626
2006-03-24,5.006997839948067
2006-03-25,3.1270926821902134
2006-03-26,3.5807427140838386
2006-03-27,3.9961521917461287
2006-03-28,2.5592159579119995
2006-03-29,1.83895426795357
2006-03-30,1.6810900706648886
2006-03-31,2.289882431295846
2006-04-01,0.8818957711946691
2006-04-02,0.9445754535239202
2006-04-03,0.9328072364428909
2006-04-04,1.3167074720375145
2006-04-05,2.763855221340192
2006-04-06,4.461737253183365
2006-04-07,4.031601121312623
2006-04-08,3.6630636640876335
2006-04-09,4.096101178726523
2006-04-10,5.609969840215599
2006-04-11,7.457369060468675
2006-04-12,7.616514388315769
2006-04-13,9.547299229949306
2006-04-14,7.561640499652236
2006-04-15,5.682712036049592
2006-04-16,2.3597544047924623
2006-04-17,1.8561165835203322
2006-04-18,2.701588072939691
2006-04-19,3.9583779894258235
2006-04-20,8.883274044768381
2006-04-21,9.375912773522687
2006-04-22,9.157059468714891
2006-04-23,7.197101034506768
2006-04-24,6.119024884442583
2006-04-25,5.2677767608226445
2006-04-26,4.982703574481221
2006-04-27,4.186543826060325
2006-04-28,2.656553879564243
2006-04-29,4.201428603012684
2006-04-30,4.980152687554049
2006-05-01,7.0652749256992955
2006-05-02,4.59761192970391
2006-05-03,3.0885223619346087
2006-05-04,2.5675372667311414
2006-05-05,4.331587913652193
2006-05-06,4.248725739049705
2006-05-07,4.7785471543888
2006-05-08,4.801977650989118
2006-05-09,5.200239365832381
2006-05-10,4.56207271443634
2006-05-11,5.301593360985516
2006-05-12,4.179697621450191
2006-05-13,4.059608506250817
2006-05-14,4.7309114713466345
2006-05-15,5.067217009581924
2006-05-16,5.901982255521954
2006-05-17,4.70055693529309
2006-05-18,5.310297841574425
2006-05-19,4.991393551821654
2006-05-20,5.758737717771274
2006-05-21,8.309379443654516
2006-05-22,6.5943317009811
2006-05-23,8.384477383052934
2006-05-24,7.050511494805252
2006-05-25,6.310050764616585
2006-05-26,9.215259517235344
2006-05-27,10.747938994209635
2006-05-28,11.262121881847238
2006-05-29,12.443555859270816
2006-05-30,14.417793361001282
2006-05-31,11.702821863404145
2006-06-01,11.619323007037892
2006-06-02,10.275259848918358
2006-06-03,10.72728440343016
2006-06-04,9.678567816003062
2006-06-05,10.882130514678103
2006-06-06,10.496952351241353
2006-06-07,8.973731637002928
2006-06-08,8.675230840743172
2006-06-09,9.398523266762838
2006-06-10,11.396707923190522
2006-06-11,10.506686170212276
2006-06-12,9.463846029323987
2006-06-13,9.74029929564409
2006-06-14,11.090532980358365
2006-06-15,9.546728028325122
2006-06-16,4.712457958799628
2006-06-17,5.52332874463309
2006-06-18,5.189773811522078
2006-06-19,4.834739164426958
2006-06-20,10.091505152192408
2006-06-21,9.578365305091019
2006-06-22,10.84755192677038
2006-06-23,7.689200882357369
2006-06-24,8.189756303440774
2006-06-25,9.777717645620786
2006-06-26,10.0481858970973
2006-06-27,9.412077550452445
2006-06-28,10.466371292100764
2006-06-29,10.299501618878915
2006-06-30,13.15196485097494
2006-07-01,13.03996157537375
2006-07-02,10.652849351386012
2006-07-03,6.267850505692619
2006-07-04,5.178132708676363
2006-07-05,5.0377850808298925
2006-07-06,3.494869928689492
2006-07-07,2.567425708254953
2006-07-08,1.3086645285303604
2006-07-09,0.9886558746775195
2006-07-10,1.4625543472542295
2006-07-11,1.7565811883431708
2006-07-12,2.055397571778185
2006-07-13,2.2067095308068563
2006-07-14,2.4885834266804583
2006-07-15,4.138971263062741
2006-07-16,8.780987770841167
2006-07-17,10.228728341494504
2006-07-18,15.02209649690995
2006-07-19,14.057497830950602
2006-07-20,13.355290905312264
2006-07-21,17.449937061014605
2006-07-22,14.278700786318055
2006-07-23,11.408078500314202
2006-07-24,10.85924293296334
2006-07-25,6.905563050296547
2006-07-26,3.7061302076852427
2006-07-27,6.366421215718118
2006-07-28,4.684155564946224
2006-07-29,4.350685379379053
2006-07-30,4.097612501039963
2006-07-31,3.144710311739025
2006-08-01,4.825109093093952
2006-08-02,6.410277021426857
2006-08-03,8.531817702557632
2006-08-04,10.313571242870623
2006-08-05,10.380546692390286
2006-08-06,13.842648529799176
2006-08-07,16.081462642109223
2006-08-08,13.595297805960179
2006-08-09,13.14698056867209
2006-08-10,11.719147265290998
2006-08-11,16.375216706608906
2006-08-12,17.79663009276389
2006-08-13,18.350514542288778
2006-08-14,16.830485063676964
2006-08-15,17.560764564165776
2006-08-16,13.812465278538111
2006-08-17,13.306670008873603
2006-08-18,12.729493854291674
2006-08-19,12.247734149458052
2006-08-20,10.140639625691731
2006-08-21,11.142208478609945
2006-08-22,8.230417445498162
2006-08-23,7.313956863245959
2006-08-24,7.174930205917568
2006-08-25,7.313131222083735
2006-08-26,6.367504141455138
2006-08-27,4.707420670104626
2006-08-28,3.582711797928846
2006-08-29,3.487620328845412
2006-08-30,2.755349571382134
2006-08-31,3.110640484069113
2006-09-01,2.042517404542875
2006-09-02,2.6478864848748946
2006-09-03,6.82789585636877
2006-09-04,4.490896896857517
2006-09-05,4.7535102998831045
2006-09-06,7.611363402738556
2006-09-07,8.20484145373509
2006-09-08,10.370418200433608
2006-09-09,5.550128346564159
2006-09-10,4.956467767030902
2006-09-11,8.771460506196666
2006-09-12,7.522772563296833
2006-09-13,8.57701931982519
2006-09-14,4.677019401914551
2006-09-15,7.232321517559207
2006-09-16,12.70010656739079
2006-09-17,12.056507081099435
2006-09-18,12.51140579164291
2006-09-19,13.061390726401738
2006-09-20,18.58153560101171
2006-09-21,15.910875162384066
2006-09-22,10.664193333149083
2006-09-23,15.278193382879136
2006-09-24,11.449240033526955
2006-09-25,12.45052477282603
2006-09-26,6.574962982381571
2006-09-27,5.941209296076001
2006-09-28,6.607718767757901
2006-09-29,4.705366851886876
2006-09-30,4.218372826504396
2006-10-01,5.723591765719149
2006-10-02,4.706547551186478
2006-10-03,6.080072923473067
2006-10-04,10.253202634236136
2006-10-05,5.666117897242096
2006-10-06,6.66571640260374
2006-10-07,8.163483425075803
2006-10-08,7.456404155508342
2006-10-09,11.023700069590161
2006-10-10,13.957934364305599
2006-10-11,14.436956175828648
2006-10-12,14.954126252564588
2006-10-13,13.854741768763697
2006-10-14,10.399015583767081
2006-10-15,11.18282332440399
2006-10-16,9.66752816105979
2006-10-17,8.198429912911472
2006-10-18,10.512146328023166
2006-10-19,9.652970503641123
2006-10-20,11.503998991374928
2006-10-21,8.735809198007837
2006-10-22,7.647885753806061
2006-10-23,7.6230071133740624
2006-10-24,10.473909420909278
2006-10-25,9.848426609736261
2006-10-26,11.231613500819746
2006-10-27,9.253218612504496
2006-10-28,9.284465948195445
2006-10-29,10.768249651889896
2006-10-30,8.45833035313597
2006-10-31,6.8804577830433375
2006-11-01,8.100508681519887
2006-11-02,5.755122805178205
2006-11-03,6.521973267294095
2006-11-04,7.1826293593839825
2006-11-05,6.954794015328283
2006-11-06,8.46352468997635
2006-11-07,9.153268417234846
2006-11-08,9.195391044269067
2006-11-09,6.033631736210809
2006-11-10,3.7316420425369436
2006-11-11,4.447169774801049
2006-11-12,2.5314708589587127
2006-11-13,3.0078382673050488
2006-11-14,2.9042007588889756
2006-11-15,2.260928136297352
2006-11-16,2.3352019486409232
2006-11-17,0.8153740077341666
2006-11-18,0.9740118806658508
2006-11-19,2.4167152775561425
2006-11-20,1.5362878280375825
2006-11-21,2.321822272874815
2006-11-22,3.0975406231290132
2006-11-23,8.272609992542547
2006-11-24,6.288899277474791
2006-11-25,4.924559337865381
2006-11-26,3.91624548158262
2006-11-27,2.9230853763398557
2006-11-28,1.526065927631425
2006-11-29,1.959670008780209
2006-11-30,1.492614660963989
2006-12-01,2.607309568415765
2006-12-02,3.3661074634160575
2006-12-03,2.416446285614595
2006-12-04,2.353439313049294
2006-12-05,4.378587780010362
2006-12-06,4.046953323790257
2006-12-07,4.501008460032753
2006-12-08,5.923556198332406
2006-12-09,5.23288503316542
2006-12-10,5.9325117653500214
2006-12-11,8.400565754964006
2006-12-12,9.99000626271342
2006-12-13,6.493234374860383
2006-12-14,8.810993518827653
2006-12-15,7.981104528157091
2006-12-16,6.703743355248907
2006-12-17,5.618099044665536
2006-12-18,7.4361250019011695
2006-12-19,7.652623365350662
2006-12-20,7.149223044971922
2006-12-21,5.742139274040049
2006-12-22,6.599813778387743
2006-12-23,8.196540237491899
2006-12-24,6.295610675605085
2006-12-25,4.612651969524165
2006-12-26,4.186543179613202
2006-12-27,5.094593043335951
2006-12-28,4.549879252278802
2006-12-29,4.469869539939929
2006-12-30,3.4798249164574457
2006-12-31,5.279041714455651
2007-01-01,5.074834413985998
2007-01-02,5.262597688742865
2007-01-03,6.701264315426436
2007-01-04,6.154609112116664
2007-01-05,5.931947760183517
2007-01-06,6.344490762442988
2007-01-07,5.609866563076171
2007-01-08,7.434879589495071
2007-01-09,7.122098513017486
2007-01-10,6.227687024870097
2007-01-11,5.633494416485649
2007-01-12,4.186708943795517
2007-01-13,5.706319577233961
2007-01-14,7.588665590707082
2007-01-15,6.832553534861569
2007-01-16,5.94029686116616
2007-01-17,3.228761739254684
2007-01-18,2.7441064838968634
2007-01-19,3.873249224451619
2007-01-20,3.0555792482148085
2007-01-21,4.138013908547112
2007-01-22,5.948116146065228
2007-01-23,2.795681582078769
2007-01-24,2.6414942524067953
2007-01-25,2.184278244516581
2007-01-26,1.9416920131527726
2007-01-27,0.9594049657098233
2007-01-28,1.051214635246812
2007-01-29,0.6782484765348635
2007-01-30,1.5404033934279528
2007-01-31,2.9770379724784175
2007-02-01,1.8748749098492996
2007-02-02,1.1046818686150368
2007-02-03,1.0628310059230195
2007-02-04,1.200733790086393
2007-02-05,1.3252295047326348
2007-02-06,2.0842901197336716
2007-02-07,1.2218484241560932
2007-02-08,1.0680528439573203
2007-02-09,1.0358078424453336
2007-02-10,1.0756824508276348
2007-02-11,0.7599234960835444
2007-02-12,0.7732992513696921
2007-02-13,0.6687253064375865
2007-02-14,1.58598268844823
2007-02-15,1.4771720679222529
2007-02-16,0.5693651783091633
2007-02-17,1.046147063806468
2007-02-18,1.3591867476418436
2007-02-19,1.0764357346728415
2007-02-20,0.8234011037224627
2007-02-21,0.7545214035319499
2007-02-22,2.044367229410875
2007-02-23,1.8615178777023564
2007-02-24,3.1020803316659213
2007-02-25,4.082217599915995
2007-02-26,3.502653786085328
2007-02-27,3.864076407228462
2007-02-28,3.059887165513845
2007-03-01,0.8975537442264723
2007-03-02,0.7489693140103059
2007-03-03,0.6640526671646829
2007-03-04,1.3949831135969881
2007-03-05,2.1311172540656207
2007-03-06,3.3181243458574237
2007-03-07,3.9638841583272084
2007-03-08,5.157599988168615
2007-03-09,5.788608883683319
2007-03-10,5.82581675304903
2007-03-11,6.850942641680022
2007-03-12,8.454736943653682
2007-03-13,9.763588062914923
2007-03-14,8.42539177734533
2007-03-15,7.708955745145278
2007-03-16,5.972417747874061
2007-03-17,4.599234864374771
2007-03-18,4.920516555661651
2007-03-19,4.134763276416541
2007-03-20,5.774981489698228
2007-03-21,3.09603061674037
2007-03-22,2.157869250504839
2007-03-23,2.56294821794266
2007-03-24,3.9472249092773075
2007-03-25,3.5994695841957802
2007-03-26,5.840375687054173
2007-03-27,6.652940037879758
2007-03-28,5.457002121092226
2007-03-29,5.26990575882237
2007-03-30,5.789238539206411
2007-03-31,4.538497986299469
2007-04-01,5.784941108635231
2007-04-02,5.282621147439549
2007-04-03,5.849586364226018
2007-04-04,6.775723906774362
2007-04-05,5.952963043860484
2007-04-06,7.103291618731864
2007-04-07,4.430293300021987
2007-04-08,5.197781537787785
2007-04-09,2.8751186740176053
2007-04-10,4.322001317508284
2007-04-11,3.6910279650650675
2007-04-12,5.305958455199899
2007-04-13,7.019356031767209
2007-04-14,6.563386685753617
2007-04-15,5.513605073435191
2007-04-16,7.166677506391776
2007-04-17,5.351115820697956
2007-04-18,6.401838548549133
2007-04-19,6.063000577661345
2007-04-20,5.4836673222901124
2007-04-21,4.673542587026573
2007-04-22,7.190573166037922
2007-04-23,4.775091510027034
2007-04-24,4.134104498263403
2007-04-25,4.825367663655651
2007-04-26,6.30097763665849
2007-04-27,8.78362323392371
2007-04-28,10.775706145470467
2007-04-29,9.092544084256843
2007-04-30,9.21255331278949
2007-05-01,10.792526310029661
2007-05-02,11.139424318550903
2007-05-03,7.713596363347519
2007-05-04,8.002269469782824
2007-05-05,8.702109149429527
2007-05-06,6.267115587088371
2007-05-07,5.564431210330665
2007-05-08,5.544477567825762
2007-05-09,6.513179833260738
2007-05-10,8.952081318519713
2007-05-11,10.679839152709919
2007-05-12,10.989170060498498
2007-05-13,10.794441125740036
2007-05-14,9.583779666540376
2007-05-15,8.191520509049985
2007-05-16,7.6148917937955725
2007-05-17,7.100146512752863
2007-05-18,8.704453508696567
2007-05-19,12.667774861205654
2007-05-20,12.922749850073275
2007-05-21,14.127585742164605
2007-05-22,14.519423533815765
2007-05-23,14.065439975049921
2007-05-24,15.956920250350421
2007-05-25,17.127303574417255
2007-05-26,16.155905129396647
2007-05-27,14.55994102622494
2007-05-28,15.069985473440374
2007-05-29,12.841149128594463
2007-05-30,12.537232673519608
2007-05-31,14.083534103071155
2007-06-01,13.025238180372611
2007-06-02,8.49005337484342
2007-06-03,9.582447787063018
2007-06-04,7.159380179791053
2007-06-05,4.802996456692228
2007-06-06,2.969091667117309
2007-06-07,4.5185451206744585
2007-06-08,2.197801185917421
2007-06-09,2.5055335296574737
2007-06-10,3.2652802691706193
2007-06-11,3.964565880726114
2007-06-12,3.4645892968946432
2007-06-13,3.7955491044263816
2007-06-14,4.438288248369128
2007-06-15,2.9542124041855278
2007-06-16,4.426641609869744
2007-06-17,6.590940874704787
2007-06-18,5.28831014480928
2007-06-19,4.384428330962565
2007-06-20,3.1517885515442408
2007-06-21,5.238044868170696
2007-06-22,3.8105796195554555
2007-06-23,3.5201891836721306
2007-06-24,1.8132045550620266
2007-06-25,3.8968586716265405
2007-06-26,3.9684401252345958
2007-06-27,4.811602582313497
2007-06-28,8.215843000632916
2007-06-29,9.683219512415258
2007-06-30,7.172735190972438
2007-07-01,8.26721112173351
2007-07-02,9.74692910764751
2007-07-03,7.78691236048448
2007-07-04,5.846303317936062
2007-07-05,4.370082541007699
2007-07-06,6.214049731522347
2007-07-07,6.595108018847853
2007-07-08,4.855008898936928
2007-07-09,6.473596944858157
2007-07-10,8.281568446841312
2007-07-11,6.571743779987824
2007-07-12,3.9605818555124257
2007-07-13,6.52033030190102
2007-07-14,12.5631306662492
2007-07-15,15.78731704480852
2007-07-16,17.72725742605211
2007-07-17,16.933814435770245
2007-07-18,14.108407712113053
2007-07-19,13.7966694717743
2007-07-20,14.904301303559741
2007-07-21,13.766466604662924
2007-07-22,15.629149229026778
2007-07-23,14.86495284592479
2007-07-24,15.812053393582735
2007-07-25,8.423319634506148
2007-07-26,6.671668465718459
2007-07-27,8.792235698756636
2007-07-28,11.091549133839857
2007-07-29,11.853852115725193
2007-07-30,15.791799545941775
2007-07-31,16.953478673390975
2007-08-01,18.176178511083496
2007-08-02,14.35343097743693
2007-08-03,14.7981920939612
2007-08-04,16.188951658989705
2007-08-05,19.323077464773792
2007-08-06,21.582486665815043
2007-08-07,19.983525296477108
2007-08-08,19.206791763789628
2007-08-09,14.515428499296187
2007-08-10,15.489056375889898
2007-08-11,11.900058760621084
2007-08-12,10.90546017692189
2007-08-13,10.701357195608514
2007-08-14,15.668888887725318
2007-08-15,18.742337032116392
2007-08-16,15.188348963362555
2007-08-17,10.795757741079825
2007-08-18,10.095090127515503
2007-08-19,8.17541377184334
2007-08-20,9.276182921536067
2007-08-21,10.108792971306576
2007-08-22,11.603266916831132
2007-08-23,8.984424279175496
2007-08-24,8.150192458682643
2007-08-25,8.84135652508428
2007-08-26,9.604772685331564
2007-08-27,8.23251061338059
2007-08-28,7.607370932098782
2007-08-29,9.69592004109679
2007-08-30,5.808056915702438
2007-08-31,5.664027927450498
2007-09-01,5.997632388608315
2007-09-02,3.6782192515126066
2007-09-03,2.693893113322644
2007-09-04,3.360085246081058
2007-09-05,3.0730372679942928
2007-09-06,5.469486264618394
2007-09-07,7.196616878669673
2007-09-08,12.763935049283024
2007-09-09,9.355381199981823
2007-09-10,13.998303198361882
2007-09-11,11.639985012674714
2007-09-12,13.357123761910279
2007-09-13,15.405417728012164
2007-09-14,15.101738934702858
2007-09-15,13.55545554628435
2007-09-16,11.419795737278204
2007-09-17,6.997040131960378
2007-09-18,6.431808884014667
2007-09-19,4.974595202067067
2007-09-20,6.543396700905473
2007-09-21,5.3962248676533635
2007-09-22,5.462622706775329
2007-09-23,6.731558731027601
2007-09-24,7.191742977546747
2007-09-25,7.496442442926767
2007-09-26,7.207752727941849
2007-09-27,6.4762681700519495
2007-09-28,7.839286934838685
2007-09-29,9.63654658599717
2007-09-30,7.780342353456355
2007-10-01,11.757378505051623
2007-10-02,12.840516608191253
2007-10-03,8.700240063315555
2007-10-04,15.192787967107046
2007-10-05,16.209761977931084
2007-10-06,13.30489181428406
2007-10-07,17.19285465310756
2007-10-08,9.43262588293764
2007-10-09,15.572117563029105
2007-10-10,11.042882673373958
2007-10-11,7.2706033241927175
2007-10-12,5.532808754521001
2007-10-13,6.226569650867756
2007-10-14,5.749641716461259
2007-10-15,7.849617707937654
2007-10-16,6.193905978369592
2007-10-17,8.735855451911677
2007-10-18,9.247283542137252
2007-10-19,6.984452572896661
2007-10-20,9.40829318882064
2007-10-21,9.998400399258935
2007-10-22,9.353604674379097
2007-10-23,12.160096502812669
2007-10-24,9.035412576998095
2007-10-25,8.173338798139094
2007-10-26,11.298974590417767
2007-10-27,10.901827296255137
2007-10-28,12.252889558502293
2007-10-29,13.164515627157337
2007-10-30,12.197291819446194
2007-10-31,13.20296842985239
2007-11-01,10.282041062520992
2007-11-02,11.428707405465092
2007-11-03,8.819483014021076
2007-11-04,8.709906314316349
2007-11-05,6.851914612670885
2007-11-06,7.935486211860279
2007-11-07,8.82803431835794
2007-11-08,10.957230407150169
2007-11-09,9.2726284483234
2007-11-10,7.2057971499105244
2007-11-11,3.620527688996587
2007-11-12,2.344045414004823
2007-11-13,2.4609881686751436
2007-11-14,3.1499941712599036
2007-11-15,3.0253734292302643
2007-11-16,3.4198925164528338
2007-11-17,2.060317795757777
2007-11-18,1.5582976409698426
2007-11-19,2.846350696018889
2007-11-20,4.154913313720602
2007-11-21,2.6149145484413387
2007-11-22,2.656610471128855
2007-11-23,3.3031512260032025
2007-11-24,2.2261992261083963
2007-11-25,3.0864097036985814
2007-11-26,3.7554773871273075
2007-11-27,4.717023499270667
2007-11-28,8.179373327459022
2007-11-29,6.471495761069512
2007-11-30,8.493870347856081
2007-12-01,9.195182567110125
2007-12-02,10.18584320982876
2007-12-03,8.309131379689124
2007-12-04,8.141771792152388
2007-12-05,7.7920648518529445
2007-12-06,10.568058990364719
2007-12-07,10.090050144901973
2007-12-08,12.50197143726267
2007-12-09,10.834965531020998
2007-12-10,9.464670630662509
2007-12-11,8.996777454161842
2007-12-12,5.2986145997585075
2007-12-13,4.563758823315156
2007-12-14,3.864315949646473
2007-12-15,3.8741387400755074
2007-12-16,4.293853914959787
2007-12-17,3.2148868968728803
2007-12-18,2.281910119561489
2007-12-19,4.092067325274457
2007-12-20,2.960284748108112
2007-12-21,2.636737121514005
2007-12-22,1.9905769370505202
2007-12-23,1.8625334734083607
2007-12-24,3.4939591562980943
2007-12-25,5.248759807558326
2007-12-26,2.922146323701775
2007-12-27,2.8814000115672633
2007-12-28,4.880921851297777
2007-12-29,4.441612662855667
2007-12-30,4.979504662835336
2007-12-31,7.553098236175348
2008-01-01,10.97115840754264
2008-01-02,12.974858385589252
2008-01-03,11.309212289777957
2008-01-04,10.520032230946764
2008-01-05,10.136036985414018
2008-01-06,8.838588346757716
2008-01-07,7.383049177873077
2008-01-08,10.353211667843148
2008-01-09,10.072755237370318
2008-01-10,10.6677121885395
2008-01-11,11.887162156285353
2008-01-12,11.761287754062488
2008-01-13,10.959201187772976
2008-01-14,10.462898145863852
2008-01-15,12.026484145865673
2008-01-16,11.799826704084591
2008-01-17,7.5909773311182365
2008-01-18,8.66324682723323
2008-01-19,10.715765002941598
2008-01-20,9.452448337938772
2008-01-21,7.789992398892119
2008-01-22,6.688755006355347
2008-01-23,7.88181199031287
2008-01-24,6.0988929128112845
2008-01-25,6.871687210578932
2008-01-26,8.050117248321893
2008-01-27,8.413914063876685
2008-01-28,7.961325502194116
2008-01-29,6.515334080662829
2008-01-30,5.450521704079705
2008-01-31,5.319733668097004
2008-02-01,4.119459638767898
2008-02-02,4.039407537985158
2008-02-03,3.1046637919357356
2008-02-04,4.7476995607838814
2008-02-05,6.527341180599324
2008-02-06,5.273712759870912
2008-02-07,6.8171537096148525
2008-02-08,6.837474696619631
2008-02-09,6.584849613438875
2008-02-10,6.864568944068488
2008-02-11,7.076220403901541
2008-02-12,5.014300664850286
2008-02-13,8.016401807408243
2008-02-14,6.3599286605969105
2008-02-15,3.5262332599712827
2008-02-16,3.5670734352569022
2008-02-17,3.640854105989329
2008-02-18,2.9527330852877296
2008-02-19,1.5759921471018015
2008-02-20,2.7846621615153158
2008-02-21,2.8445162735371476
2008-02-22,3.172479110379563
2008-02-23,2.7305906360383605
2008-02-24,2.731135241841838
2008-02-25,2.2912169704591174
2008-02-26,2.861955421045158
2008-02-27,2.948605664297793
2008-02-28,3.752943380302186
2008-02-29,4.51258562920833
2008-03-01,4.603366674072943
2008-03-02,4.686123972703949
2008-03-03,5.92871484568574
2008-03-04,4.00143466971778
2008-03-05,4.1629431631895155
2008-03-06,5.653128415971143
2008-03-07,4.276562302383774
2008-03-08,5.0681721701047
2008-03-09,4.397407777283065
2008-03-10,4.394443489330442
2008-03-11,4.117366884668903
2008-03-12,3.9316776593246106
2008-03-13,4.612523031152041
2008-03-14,4.514819042382651
2008-03-15,2.4304725070895445
2008-03-16,4.950728299189965
2008-03-17,4.81124999961935
2008-03-18,4.285813740174634
2008-03-19,5.4785565690922935
2008-03-20,7.010455592532241
2008-03-21,4.153204202567015
2008-03-22,4.585533607429979
2008-03-23,2.4230618802619497
2008-03-24,2.184151226803703
2008-03-25,2.334088488250551
2008-03-26,2.147389942030845
2008-03-27,1.8688851671271427
2008-03-28,1.2877022314192224
2008-03-29,1.2882396060662842
2008-03-30,1.4451460424524682
2008-03-31,1.5983348788208769
2008-04-01,1.0010203558210233
2008-04-02,0.8140969913715111
2008-04-03,1.7629794836207742
2008-04-04,2.5817098409426613
2008-04-05,2.488831608828638
2008-04-06,3.3660084143109943
2008-04-07,3.965063659516552
2008-04-08,5.225120279473537
2008-04-09,5.501615432439273
2008-04-10,4.930692483105008
2008-04-11,3.7266609392955736
2008-04-12,3.8723043295079083
2008-04-13,1.91984635988852
2008-04-14,2.2678027341533595
2008-04-15,0.5387528617886418
2008-04-16,0.392789422155847
2008-04-17,0.4664144603699155
2008-04-18,0.9247576236247763
2008-04-19,3.7988306757439783
2008-04-20,4.174443563218383
2008-04-21,4.084227789903717
2008-04-22,2.1508302442896214
2008-04-23,3.952309474604278
2008-04-24,2.0915564501944415
2008-04-25,2.659670559352106
2008-04-26,2.2184603395372733
2008-04-27,5.634565017277409
2008-04-28,5.466227442832527
2008-04-29,5.976957781707782
2008-04-30,4.9574705491701945
2008-05-01,4.91932886353614
2008-05-02,6.65272484407577
2008-05-03,5.199400952905871
2008-05-04,4.309801819935245
2008-05-05,3.7021969509051633
2008-05-06,2.7579375243456217
2008-05-07,1.9569134930466898
2008-05-08,2.341007796259297
2008-05-09,4.313067924462973
2008-05-10,6.595270440715454
2008-05-11,4.519901420258853
2008-05-12,3.7346965631495523
2008-05-13,3.8670038572953604
2008-05-14,4.746462481202375
2008-05-15,4.877605939071105
2008-05-16,5.005119647171444
2008-05-17,5.673448515629221
2008-05-18,6.882885922970578
2008-05-19,3.592816374939786
2008-05-20,3.585790468488505
2008-05-21,4.745634862190334
2008-05-22,7.0683308127592035
2008-05-23,8.284489189199588
2008-05-24,6.842954074084412
2008-05-25,5.601910503161835
2008-05-26,6.084595342501749
2008-05-27,6.087965203577138
2008-05-28,6.724929676737005
2008-05-29,8.6865016656742
2008-05-30,6.192759321195637
2008-05-31,5.6646755281711245
2008-06-01,2.3812176066214827
2008-06-02,3.7430532078454486
2008-06-03,4.29580221411358
2008-06-04,3.356012678111399
2008-06-05,4.0711104574360935
2008-06-06,6.744069787765638
2008-06-07,8.538583933759185
2008-06-08,8.208031803152508
2008-06-09,7.483609108736265
2008-06-10,7.640183280373363
2008-06-11,5.812703544211433
2008-06-12,4.348297607496684
2008-06-13,4.1676354822961486
2008-06-14,4.4902419886628655
2008-06-15,5.23987186658168
2008-06-16,4.594350950323264
2008-06-17,3.5122109796224548
2008-06-18,3.863291569659005
2008-06-19,3.5738428456188247
2008-06-20,4.495908052677874
2008-06-21,7.459361417533298
2008-06-22,9.481075041688877
2008-06-23,7.806601709789105
2008-06-24,6.901567554214944
2008-06-25,4.1945395080083046
2008-06-26,4.5044365508264335
2008-06-27,3.549115327862965
2008-06-28,2.302409015176792
2008-06-29,1.7051649892643526
2008-06-30,2.9002548895024423
2008-07-01,3.6431398274355504
2008-07-02,3.875744617355529
2008-07-03,6.010848416251478
2008-07-04,5.39392474995004
2008-07-05,3.9860198028452034
2008-07-06,5.226400650728057
2008-07-07,2.5853909682533245
2008-07-08,3.498583838922795
2008-07-09,4.277998222405015
2008-07-10,5.110195395892467
2008-07-11,6.847592825536963
2008-07-12,6.16196272282461
2008-07-13,6.40835741419832
2008-07-14,3.7315358985908573
2008-07-15,3.305859405071505
2008-07-16,3.032010476812146
2008-07-17,3.872028816336841
2008-07-18,6.982612281723706
2008-07-19,7.377036112058054
2008-07-20,9.426660079343934
2008-07-21,7.236070608031953
2008-07-22,7.494042886358026
2008-07-23,4.414807834209722
2008-07-24,3.6661952214703986
2008-07-25,2.9106881607260995
2008-07-26,3.1330447400649595
2008-07-27,3.3255012884574566
2008-07-28,2.9027444183505526
2008-07-29,2.284356544496949
2008-07-30,3.816232972701274
2008-07-31,3.5340221585701452
2008-08-01,1.0928595739263096
2008-08-02,1.5804977299806517
2008-08-03,2.482164408868742
2008-08-04,3.9983101639762513
2008-08-05,7.318337370220957
2008-08-06,5.07354526600633
2008-08-07,5.397341000474588
2008-08-08,5.208579064634341
2008-08-09,2.676884445374167
2008-08-10,0.7920832083577001
2008-08-11,2.0264807975938055
2008-08-12,1.4564270788106706
2008-08-13,1.367739071481371
2008-08-14,1.508117272275092
2008-08-15,1.5564635553080235
2008-08-16,2.1465577520367614
2008-08-17,1.154763455706586
2008-08-18,1.1341855284531932
2008-08-19,1.3024622003978312
2008-08-20,0.8897478645316078
2008-08-21,0.6725300403003227
2008-08-22,0.8318205141000873
2008-08-23,1.0620064059115342
2008-08-24,0.4137366800068893
2008-08-25,0.5603123176977521
2008-08-26,1.0308900144951068
2008-08-27,2.271633908130756
2008-08-28,3.295019006818011
2008-08-29,5.6667477096411485
2008-08-30,5.797618603207442
2008-08-31,5.651458781318706
2008-09-01,10.635011788377508
2008-09-02,10.38854650983055
2008-09-03,8.68978168396605
2008-09-04,8.327091053913886
2008-09-05,10.645566462167734
2008-09-06,7.4946648969300504
2008-09-07,9.2953133153185
2008-09-08,12.173984533061754
2008-09-09,14.606436842435908
2008-09-10,13.872175824864657
2008-09-11,10.754697121825048
2008-09-12,7.843881806900698
2008-09-13,7.46333292607102
2008-09-14,10.364811625641801
2008-09-15,11.7703630089372
2008-09-16,13.684636753362083
2008-09-17,13.508199068065212
2008-09-18,17.935615817666314
2008-09-19,16.208964361746666
2008-09-20,13.49200534999442
2008-09-21,13.233957475226136
2008-09-22,11.526404930207528
2008-09-23,13.507426706065154
2008-09-24,16.825679039610385
2008-09-25,17.62899379825405
2008-09-26,13.169516113634135
2008-09-27,10.070155059050421
2008-09-28,10.9461680021617
2008-09-29,7.90057430909473
2008-09-30,8.732117706115512
2008-10-01,5.487654676988862
2008-10-02,4.910425775021056
2008-10-03,6.15487932884123
2008-10-04,4.887500256272986
2008-10-05,6.80609296692954
2008-10-06,8.98761926844746
2008-10-07,12.2276556772034
2008-10-08,11.12028169380943
2008-10-09,10.903440414456375
2008-10-10,10.718049762897195
2008-10-11,11.314603540586273
2008-10-12,7.742355925383027
2008-10-13,8.68923046650494
2008-10-14,10.190716764209983
2008-10-15,7.258669826747396
2008-10-16,4.626668994446802
2008-10-17,4.4094657819499785
2008-10-18,8.198798299452
2008-10-19,9.384132527457492
2008-10-20,7.9402292055230514
2008-10-21,7.888837488243867
2008-10-22,4.876080864633453
2008-10-23,7.847575337773607
2008-10-24,6.463330690129265
2008-10-25,7.858819077850895
2008-10-26,5.257135394383789
2008-10-27,5.6472903474684095
2008-10-28,4.122884995969962
2008-10-29,5.570538027720306
2008-10-30,8.567223175367946
2008-10-31,10.689384164788947
2008-11-01,11.61211643560387
2008-11-02,13.358814200027151
2008-11-03,9.915829453150907
2008-11-04,6.9136354472157855
2008-11-05,6.442276149946275
2008-11-06,8.504116135863539
2008-11-07,8.541650591735856
2008-11-08,9.723419987975298
2008-11-09,6.572451570672912
2008-11-10,6.056436671908601
2008-11-11,5.285801668626738
2008-11-12,6.200242001179569
2008-11-13,10.069715817471796
2008-11-14,11.237752458384485
2008-11-15,13.041382591199675
2008-11-16,11.410093779235064
2008-11-17,10.56806018602247
2008-11-18,11.707734891740346
2008-11-19,11.804894907321234
2008-11-20,8.04635199649141
2008-11-21,9.635199938333955
2008-11-22,11.047856983908208
2008-11-23,10.895365625522224
2008-11-24,11.650989234921756
2008-11-25,11.838870076125803
2008-11-26,10.03304144257107
2008-11-27,6.47506657143757
2008-11-28,9.532422898084457
2008-11-29,9.122417427906031
2008-11-30,8.657405098554209
2008-12-01,8.472804185395653
2008-12-02,8.481491385604542
2008-12-03,8.73082187517509
2008-12-04,6.6908728893273715
2008-12-05,7.349440153371584
2008-12-06,7.368925609122157
2008-12-07,7.158667938601201
2008-12-08,6.8247445787934895
2008-12-09,6.951989054180188
2008-12-10,5.258257734484889
2008-12-11,5.312195242035959
2008-12-12,5.090611407801218
2008-12-13,5.222103531230082
2008-12-14,6.766608572280227
2008-12-15,7.900864087157097
2008-12-16,9.36079445683556
2008-12-17,8.476943940212633
2008-12-18,9.268475573203814
2008-12-19,10.603019854733212
2008-12-20,9.451281025974916
2008-12-21,8.001062488646077
2008-12-22,10.618760307947799
2008-12-23,7.1213223774683865
2008-12-24,6.793357475564912
2008-12-25,6.729512252262258
2008-12-26,5.032559128517782
2008-12-27,4.93674587291492
2008-12-28,5.792747406121663
2008-12-29,2.9143929713819823
2008-12-30,4.441686749840575
2008-12-31,4.621514909983093
2009-01-01,3.6164144402187737
2009-01-02,5.1490715856767615
2009-01-03,5.25293906983164
2009-01-04,4.672000755157782
2009-01-05,2.0636731971014597
2009-01-06,3.23134097833029
2009-01-07,3.442834061424884
2009-01-08,2.883477955663939
2009-01-09,2.9939503687155127
2009-01-10,4.585084732385326
2009-01-11,4.099709879972726
2009-01-12,4.022279927222082
2009-01-13,3.551336964060139
2009-01-14,2.5060518274582213
2009-01-15,1.8457609759687577
2009-01-16,1.7659897890219611
2009-01-17,1.7780940377241703
2009-01-18,3.048404165263057
2009-01-19,3.3450964486043273
2009-01-20,3.235597577354391
2009-01-21,3.807406919524335
2009-01-22,3.7622163879275465
2009-01-23,4.775911130410715
2009-01-24,3.019431164249074
2009-01-25,1.3706045307143515
2009-01-26,1.9357065012087111
2009-01-27,1.8410233211363882
2009-01-28,2.2742978978056336
2009-01-29,1.480599156088249
2009-01-30,1.433761451348565
2009-01-31,1.6376445339315735
2009-02-01,2.0484632938449123
2009-02-02,2.1794344133047145
2009-02-03,3.3266485927428873
2009-02-04,2.7485701661770916
2009-02-05,3.630426999168088
2009-02-06,3.1185660887066984
2009-02-07,3.1045167810993113
2009-02-08,2.221834246915568
2009-02-09,2.4357661370034274
2009-02-10,1.791689929624642
2009-02-11,2.7943096787734234
2009-02-12,2.3784566570947505
2009-02-13,2.7690571764102656
2009-02-14,2.730316790809049
2009-02-15,2.805879030089426
2009-02-16,2.136937630435464
2009-02-17,4.317025787812788
2009-02-18,3.936909379906479
2009-02-19,5.579626670772292
2009-02-20,4.088830322603353
2009-02-21,6.289514975735855
2009-02-22,7.2210936758416775
2009-02-23,9.08394067633039
2009-02-24,6.255706539598285
2009-02-25,7.562566489782116
2009-02-26,6.95784478265169
2009-02-27,7.250129042843109
2009-02-28,9.306958325670859
2009-03-01,9.053042211011766
2009-03-02,7.445733493382802
2009-03-03,7.233064415166299
2009-03-04,5.683955963240217
2009-03-05,5.910079449815545
2009-03-06,5.671472195294748
2009-03-07,5.931443093377995
2009-03-08,5.338158817807403
2009-03-09,3.1596783714123906
2009-03-10,2.92683584873931
2009-03-11,2.871439944166492
2009-03-12,3.6588330139958853
2009-03-13,4.539188494990378
2009-03-14,2.9670252319079466
2009-03-15,4.286899867897636
2009-03-16,5.284637580198973
2009-03-17,5.269685676925033
2009-03-18,5.653039557624424
2009-03-19,3.3454827838956116
2009-03-20,6.106958315879759
2009-03-21,5.484998247182178
2009-03-22,4.524695633916656
2009-03-23,5.8088999322524995
2009-03-24,6.430139574033525
2009-03-25,5.670263801217507
2009-03-26,3.6761500292173026
2009-03-27,4.818540559161997
2009-03-28,6.693858508340493
2009-03-29,5.227385980824333
2009-03-30,3.431923596253216
2009-03-31,3.9413078897271796
2009-04-01,6.683522037026527
2009-04-02,4.675108874010101
2009-04-03,4.909068793943951
2009-04-04,3.582694472264712
2009-04-05,3.7690587752385327
2009-04-06,4.316177308833093
2009-04-07,4.910747862796855
2009-04-08,3.197534401238186
2009-04-09,2.0300219984514603
2009-04-10,4.598334743361512
2009-04-11,5.7847752168519735
2009-04-12,3.5210645629469215
2009-04-13,4.138343560025506
2009-04-14,5.950203939064639
2009-04-15,5.83839517722377
2009-04-16,5.894721904927942
2009-04-17,5.937598780797561
2009-04-18,6.504980945332601
2009-04-19,6.774498037554224
2009-04-20,7.235135437887766
2009-04-21,6.559686886661759
2009-04-22,7.5489735016972155
2009-04-23,7.741717969052603
2009-04-24,7.6423627528426135
2009-04-25,5.537125443978593
2009-04-26,5.0411300163896415
2009-04-27,5.256736500170976
2009-04-28,4.559615415744642
2009-04-29,4.148927169044996
2009-04-30,2.990951432852777
2009-05-01,2.7337513091312218
2009-05-02,1.4216312366305361
2009-05-03,0.8468985341558818
2009-05-04,1.2244797802873892
2009-05-05,1.8794956422303484
2009-05-06,1.4952106482444412
2009-05-07,1.4622662352136329
2009-05-08,1.8753086568982225
2009-05-09,3.88551715403452
2009-05-10,6.79422844101917
2009-05-11,6.18460275493155
2009-05-12,5.039763619456511
2009-05-13,4.015985447369565
2009-05-14,6.184964205330277
2009-05-15,4.61967364868381
2009-05-16,5.616403004854779
2009-05-17,5.110365566205535
2009-05-18,4.613385124126557
2009-05-19,6.102446178747817
2009-05-20,7.084696157732723
2009-05-21,10.706112192330394
2009-05-22,12.0297712930603
2009-05-23,15.291474041852032
2009-05-24,13.204903911811995
2009-05-25,12.164020180395383
2009-05-26,9.643375256058086
2009-05-27,8.645356725311048
2009-05-28,9.586687440602553
2009-05-29,8.636319261240915
2009-05-30,9.124688005819948
2009-05-31,7.772302405703755
2009-06-01,7.129081450057474
2009-06-02,8.917708986006005
2009-06-03,8.714264662157214
2009-06-04,8.40602821101072
2009-06-05,8.86538415192429
2009-06-06,7.0471591323292495
2009-06-07,4.181690523841286
2009-06-08,5.080775809570294
2009-06-09,5.944902610231655
2009-06-10,10.348037070030571
2009-06-11,10.25310459796053
2009-06-12,10.842714053598925
2009-06-13,15.424054729507237
2009-06-14,13.609820296228978
2009-06-15,11.513276865771573
2009-06-16,12.65402116172257
2009-06-17,12.855214318008832
2009-06-18,14.556389075666647
2009-06-19,11.852518330079786
2009-06-20,15.018623302291195
2009-06-21,14.816502363043789
2009-06-22,9.468568692066242
2009-06-23,9.176869670637066
2009-06-24,8.096899462930129
2009-06-25,8.392053915219341
2009-06-26,10.775755825279935
2009-06-27,10.528063602244394
2009-06-28,9.3679356474591
2009-06-29,11.429326205379489
2009-06-30,10.307820082460148
2009-07-01,7.435157824310176
2009-07-02,5.437918060357841
2009-07-03,8.943279124927264
2009-07-04,10.97358455541518
2009-07-05,14.542322080802435
2009-07-06,11.145362422550708
2009-07-07,9.463723017503376
2009-07-08,7.85725818971584
2009-07-09,9.803651620682135
2009-07-10,12.31434597602255
2009-07-11,11.639967971618553
2009-07-12,11.04226238867425
2009-07-13,12.778240342088324
2009-07-14,11.865033353523025
2009-07-15,9.999686768882306
2009-07-16,9.355736509187086
2009-07-17,11.600733615175841
2009-07-18,16.834543231088446
2009-07-19,16.395807377997592
2009-07-20,14.86553462105745
2009-07-21,14.79111016789852
2009-07-22,15.13649369469862
2009-07-23,16.222189904901335
2009-07-24,13.3485886014774
2009-07-25,12.886301164019116
2009-07-26,12.056938253675135
2009-07-27,14.172442689277887
2009-07-28,15.105855298845855
2009-07-29,13.872849221207163
2009-07-30,15.927033919476925
2009-07-31,18.722830112336474
2009-08-01,18.42477037203428
2009-08-02,13.721740571210761
2009-08-03,12.609695853220094
2009-08-04,8.745734994510958
2009-08-05,9.078893921748728
2009-08-06,9.788377133629314
2009-08-07,13.052256833972434
2009-08-08,14.048759348923248
2009-08-09,9.912020667695256
2009-08-10,9.038462336572769
2009-08-11,7.355910428504569
2009-08-12,6.037767603338437
2009-08-13,6.396138204070076
2009-08-14,7.150393116060502
2009-08-15,7.0911462793461215
2009-08-16,5.906016129789326
2009-08-17,5.347089626746772
2009-08-18,4.817971921830574
2009-08-19,4.96409675789681
2009-08-20,6.973469527819677
2009-08-21,7.815036709764929
2009-08-22,10.158090609709403
2009-08-23,7.693941523973359
2009-08-24,12.883671373679762
2009-08-25,12.980082682084598
2009-08-26,6.823949589269974
2009-08-27,7.885709824547124
2009-08-28,10.659520632989931
2009-08-29,10.505109419608127
2009-08-30,7.363607394896877
2009-08-31,7.932911192790648
2009-09-01,6.655513878006797
2009-09-02,6.6948326541295105
2009-09-03,7.835768691402828
2009-09-04,2.411888228900907
2009-09-05,2.871725284259202
2009-09-06,4.2414774858821485
2009-09-07,5.6336934218310395
2009-09-08,5.248326425811619
2009-09-09,4.86616920393021
2009-09-10,3.9735378391915126
2009-09-11,4.21209777730236
2009-09-12,7.557201089294908
2009-09-13,6.537807455826469
2009-09-14,7.492205346232197
2009-09-15,8.29118368382523
2009-09-16,11.868660883964209
2009-09-17,12.906342608780406
2009-09-18,14.311837349354859
2009-09-19,13.679702670064547
2009-09-20,17.022566367024403
2009-09-21,15.720414266224312
2009-09-22,14.464104124905427
2009-09-23,16.81329486029474
2009-09-24,17.591935886500092
2009-09-25,18.89445481940259
2009-09-26,14.822350393140312
2009-09-27,21.469009087673644
2009-09-28,20.703895490648904
2009-09-29,24.28048288634953
2009-09-30,23.220195440066107
2009-10-01,18.696408529870993
2009-10-02,19.1263591654917
2009-10-03,17.260639810379566
2009-10-04,18.475749435453388
2009-10-05,11.823100714768335
2009-10-06,9.341574395905061
2009-10-07,6.76608242057132
2009-10-08,9.80323807669866
2009-10-09,12.157680569107335
2009-10-10,9.235549022406262
2009-10-11,9.523065365404296
2009-10-12,9.890763563827434
2009-10-13,8.945472618126237
2009-10-14,11.647920939477142
2009-10-15,9.453098231205999
2009-10-16,9.232856770178863
2009-10-17,8.076070565372467
2009-10-18,9.445639174294353
2009-10-19,8.206336550847544
2009-10-20,9.62656389312336
2009-10-21,7.3906953137726825
2009-10-22,5.2634570661765006
2009-10-23,4.041400781787884
2009-10-24,3.634512811489978
2009-10-25,3.1441410501198366
2009-10-26,8.43983812709931
2009-10-27,6.672441486122929
2009-10-28,7.309155673303215
2009-10-29,7.141395693675747
2009-10-30,7.774653175532846
2009-10-31,10.557658253631208
2009-11-01,11.310245407267455
2009-11-02,9.420787073779247
2009-11-03,6.3665157239987815
2009-11-04,7.699826576632235
2009-11-05,9.393665063656208
2009-11-06,6.3236196044726505
2009-11-07,8.118553697951322
2009-11-08,4.273089799882924
2009-11-09,4.5000838588816325
2009-11-10,6.323160237332793
2009-11-11,4.6929380705903405
2009-11-12,2.6078543062791275
2009-11-13,5.07679566139376
2009-11-14,3.0284587863737085
2009-11-15,3.7584567803402726
2009-11-16,2.2432484613019588
2009-11-17,3.1082956506148633
2009-11-18,5.892757191979634
2009-11-19,5.104274804562465
2009-11-20,3.8720684987783343
2009-11-21,1.7496738884250316
2009-11-22,0.8582919121199022
2009-11-23,0.8087149279916819
2009-11-24,1.291457113186997
2009-11-25,2.153147384899267
2009-11-26,2.882789990293505
2009-11-27,4.3241143323294375
2009-11-28,4.950280036650872
2009-11-29,9.473006324917034
2009-11-30,8.71662819696761
2009-12-01,8.43013692873147
2009-12-02,4.013506086324753
2009-12-03,3.257128826048798
2009-12-04,4.179358608263185
2009-12-05,3.60505797553126
2009-12-06,5.655849012366417
2009-12-07,6.65527315483603
2009-12-08,9.711213737586583
2009-12-09,6.775633278730653
2009-12-10,5.7018958684856225
2009-12-11,7.563067388209912
2009-12-12,7.398302729548823
2009-12-13,5.718899966716289
2009-12-14,4.962698246471081
2009-12-15,4.471807351444179
2009-12-16,5.876937434131677
2009-12-17,6.750287786321882
2009-12-18,6.453389833862796
2009-12-19,4.973838764155611
2009-12-20,6.234523115108323
2009-12-21,7.778564863625652
2009-12-22,5.769861571800628
2009-12-23,7.068236551277177
2009-12-24,5.2683144135173485
2009-12-25,4.900485681492965
2009-12-26,3.778490437803084
2009-12-27,2.076896750053554
2009-12-28,1.7523235351976885
2009-12-29,1.4830758376934812
2009-12-30,2.576268934230693
2009-12-31,3.5812187974667538
2010-01-01,3.0133755014867827
2010-01-02,1.7573683627243983
2010-01-03,1.0760516994762102
2010-01-04,0.3297478532495699
2010-01-05,0.4322847768691815
2010-01-06,0.6061976222444859
2010-01-07,0.44980419804828564
2010-01-08,0.6710328993605709
2010-01-09,0.9831635065233792
2010-01-10,2.0163643272626066
2010-01-11,1.4912596150786896
2010-01-12,2.6971769793372267
2010-01-13,2.4262614473840225
2010-01-14,4.190411802287307
2010-01-15,2.9910411289014553
2010-01-16,4.32446497571427
2010-01-17,3.3724620332207835
2010-01-18,5.365552531953718
2010-01-19,5.795951722137042
2010-01-20,4.198197836337336
2010-01-21,5.1847395123102515
2010-01-22,5.009579913184124
2010-01-23,5.472854418090932
2010-01-24,8.369662304395403
2010-01-25,7.397389139087414
2010-01-26,6.39164207295302
2010-01-27,7.5668477598225055
2010-01-28,6.368816299980031
2010-01-29,7.130041019072333
2010-01-30,8.068763741595502
2010-01-31,7.524380137964155
2010-02-01,7.992891529249386
2010-02-02,4.684913978452447
2010-02-03,6.448830064209326
2010-02-04,5.263024028734021
2010-02-05,4.013334292611007
2010-02-06,6.290898601191298
2010-02-07,8.312719783872826
2010-02-08,6.961136679783538
2010-02-09,7.177204437417915
2010-02-10,6.300701333692532
2010-02-11,4.706105749280401
2010-02-12,5.023556601643461
2010-02-13,6.125738826635826
2010-02-14,9.52769398900351
2010-02-15,8.521190087132645
2010-02-16,9.160049698469683
2010-02-17,8.022311219495274
2010-02-18,7.141168228945237
2010-02-19,8.623461252152548
2010-02-20,5.774685304302839
2010-02-21,4.365695000114674
2010-02-22,3.4484704413283445
2010-02-23,4.758980938721525
2010-02-24,5.121574731471048
2010-02-25,5.59459361667279
2010-02-26,5.884096242626718
2010-02-27,7.015735169759525
2010-02-28,6.105782421835273
2010-03-01,5.572240054382472
2010-03-02,4.9775729392279855
2010-03-03,5.442308564281198
2010-03-04,3.876466263014938
2010-03-05,3.706763801537373
2010-03-06,6.873434708081107
2010-03-07,7.314336210060046
2010-03-08,6.985289832611298
2010-03-09,5.462964627961691
2010-03-10,5.639023413444411
2010-03-11,5.744298392680135
2010-03-12,6.363338971978508
2010-03-13,5.315347817838969
2010-03-14,5.684076144380595
2010-03-15,6.227223247219314
2010-03-16,6.908328004922621
2010-03-17,5.881900861455716
2010-03-18,6.343076286053651
2010-03-19,8.313065962152985
2010-03-20,6.9374699063329555
2010-03-21,7.50569952817098
2010-03-22,6.653443852030986
2010-03-23,5.900728500453302
2010-03-24,4.365808325040176
2010-03-25,3.212645933749461
2010-03-26,3.985873647788073
2010-03-27,4.244194857061204
2010-03-28,5.776571623301273
2010-03-29,3.7006324284804664
2010-03-30,3.309325165902171
2010-03-31,2.1317927002630137
2010-04-01,2.6749965322676883
2010-04-02,5.161760192503072
2010-04-03,3.3412860174101584
2010-04-04,3.392186280107909
2010-04-05,3.393840809727421
2010-04-06,3.492454273479719
2010-04-07,2.9577152478895257
2010-04-08,2.626096862689281
2010-04-09,4.659094407506052
2010-04-10,3.401170712849994
2010-04-11,4.199082983720623
2010-04-12,4.874571267730488
2010-04-13,2.8828537488082553
2010-04-14,2.2294954035120984
2010-04-15,2.8189937666747857
2010-04-16,5.282827386946404
2010-04-17,5.0770169487478265
2010-04-18,4.39403928324414
2010-04-19,4.581505512052513
2010-04-20,6.300676895304601
2010-04-21,7.293946105007347
2010-04-22,8.960060074361724
2010-04-23,8.193532332805583
2010-04-24,6.657282243337771
2010-04-25,5.112333363175291
2010-04-26,6.135644493385335
2010-04-27,5.767469095222768
2010-04-28,4.96669534564309
2010-04-29,5.752590092965671
2010-04-30,5.975224816275552
2010-05-01,3.1356186588541277
2010-05-02,3.168663691113223
2010-05-03,2.4827322529708193
2010-05-04,3.2724638686686425
2010-05-05,3.4942725985116265
2010-05-06,6.151674609805992
2010-05-07,6.155641755080267
2010-05-08,4.411104813022159
2010-05-09,2.1469617065227635
2010-05-10,1.4587602322234519
2010-05-11,1.2966948648892822
2010-05-12,1.6463758040483556
2010-05-13,2.5790665746768164
2010-05-14,3.093834965408251
2010-05-15,2.704470369335281
2010-05-16,4.0222910714893745
2010-05-17,3.0922482868221257
2010-05-18,4.753260901767417
2010-05-19,7.773639985842345
2010-05-20,9.40062415320405
2010-05-21,12.340580922710892
2010-05-22,14.493928688986232
2010-05-23,11.017753310321247
2010-05-24,10.884177162503944
2010-05-25,9.945615795830323
2010-05-26,7.461937476368959
2010-05-27,5.309776716704356
2010-05-28,6.31459593636421
2010-05-29,4.260947400487284
2010-05-30,3.9915131424860095
2010-05-31,4.287221701022894
2010-06-01,3.9357787025329123
2010-06-02,6.600615317741982
2010-06-03,8.030248726826445
2010-06-04,8.124578164360496
2010-06-05,6.948439540825255
2010-06-06,7.65769719773107
2010-06-07,7.828338296400428
2010-06-08,6.020779980637371
2010-06-09,3.882276152818639
2010-06-10,3.192741936892295
2010-06-11,2.106752629536954
2010-06-12,3.0362283108298382
2010-06-13,3.8636994154104984
2010-06-14,3.781996428554539
2010-06-15,4.611380457246129
2010-06-16,5.814684556026916
2010-06-17,3.41927670116965
2010-06-18,4.095621319271184
2010-06-19,6.134666264685247
2010-06-20,5.422669290954064
2010-06-21,2.9110710311867085
2010-06-22,3.2689507808944773
2010-06-23,2.212984085340207
2010-06-24,3.199878670352777
2010-06-25,4.357856215888963
2010-06-26,5.954121041591624
2010-06-27,6.468473297834452
2010-06-28,3.550817906763317
2010-06-29,5.911107096076876
2010-06-30,3.4764529445928884
2010-07-01,5.594241924935376
2010-07-02,6.340133161593756
2010-07-03,5.0011022655690365
2010-07-04,4.273105716458463
2010-07-05,4.232342572618575
2010-07-06,7.798911370557808
2010-07-07,7.132142197128565
2010-07-08,9.417312841508362
2010-07-09,4.289982921675095
2010-07-10,5.070460316641433
2010-07-11,5.094399513262741
2010-07-12,7.745274793201191
2010-07-13,8.86006317525806
2010-07-14,11.74944644136039
2010-07-15,9.172620907540782
2010-07-16,9.655549582857118
2010-07-17,8.333796421044662
2010-07-18,9.850969472272716
2010-07-19,10.88662027134241
2010-07-20,7.717487927047637
2010-07-21,9.995032478737482
2010-07-22,14.263160008214218
2010-07-23,12.501334881544036
2010-07-24,14.975176104885264
2010-07-25,15.36206415762603
2010-07-26,12.174619536736632
2010-07-27,13.829009379927859
2010-07-28,11.050668176749534
2010-07-29,12.403251437661758
2010-07-30,8.515148817846685
2010-07-31,5.730790422885901
2010-08-01,7.0735430879376535
2010-08-02,7.756899514183336
2010-08-03,9.817676499791999
2010-08-04,9.238065097299325
2010-08-05,6.601126198408843
2010-08-06,10.18328766445059
2010-08-07,7.931686803429483
2010-08-08,11.129862490256787
2010-08-09,13.011279787501078
2010-08-10,17.50312049517252
2010-08-11,10.770971001178102
2010-08-12,10.42178425271009
2010-08-13,9.701607181074428
2010-08-14,11.213094807489725
2010-08-15,8.44662549310791
2010-08-16,13.691954395664522
2010-08-17,12.998767600266909
2010-08-18,7.294412709735504
2010-08-19,8.348858486803001
2010-08-20,8.393233621665932
2010-08-21,6.957906654108908
2010-08-22,9.086401817770039
2010-08-23,9.037413521750734
2010-08-24,6.806312437166264
2010-08-25,6.645868713569012
2010-08-26,6.158512009868808
2010-08-27,7.256626563838975
2010-08-28,6.721809497358166
2010-08-29,6.879052194693234
2010-08-30,4.302675855818312
2010-08-31,3.614744329743206
2010-09-01,4.540877625089212
2010-09-02,10.338210224794583
2010-09-03,8.47321265987122
2010-09-04,6.818570567858859
2010-09-05,9.220064937869058
2010-09-06,14.13630698662676
2010-09-07,16.610406515889917
2010-09-08,13.075472697136169
2010-09-09,15.40463478026907
2010-09-10,15.780845422638984
2010-09-11,14.303898950237839
2010-09-12,10.517156869226145
2010-09-13,10.36385742036719
2010-09-14,10.412255534055681
2010-09-15,11.589400315074439
2010-09-16,7.426416589086829
2010-09-17,5.391058036318492
2010-09-18,5.936317757504606
2010-09-19,9.357499751889945
2010-09-20,11.112575903761858
2010-09-21,9.45350717687579
2010-09-22,11.056808971628447
2010-09-23,8.73473620635446
2010-09-24,7.881085426592886
2010-09-25,7.324263606685703
2010-09-26,6.088976541423349
2010-09-27,5.414236714308293
2010-09-28,7.534860829327624
2010-09-29,8.375120237377514
2010-09-30,3.8723334289548315
2010-10-01,6.528621579442489
2010-10-02,7.774548514127477
2010-10-03,5.661134846436519
2010-10-04,6.268853787554175
2010-10-05,8.273726730127654
2010-10-06,11.261531737358547
2010-10-07,9.675838263830348
2010-10-08,7.265086607191063
2010-10-09,4.661169446307961
2010-10-10,4.950245521461438
2010-10-11,3.6108378641845325
2010-10-12,5.826092388686509
2010-10-13,5.747906082249581
2010-10-14,7.409199007967055
2010-10-15,7.125428910129236
2010-10-16,5.717902478974765
2010-10-17,4.152656098287909
2010-10-18,6.307693381577136
2010-10-19,4.241109629249921
2010-10-20,5.427571548162059
2010-10-21,7.731425875649238
2010-10-22,8.121365562237967
2010-10-23,11.179455659915194
2010-10-24,10.728394469007117
2010-10-25,9.69330529136995
2010-10-26,9.85483166062858
2010-10-27,8.475062735084629
2010-10-28,8.987421911514243
2010-10-29,8.81943350819989
2010-10-30,11.732114382191808
2010-10-31,11.047218547786429
2010-11-01,12.510857759047934
2010-11-02,12.859145974998178
2010-11-03,12.331624618993846
2010-11-04,11.186811097340636
2010-11-05,14.491840338862964
2010-11-06,17.44284132208222
2010-11-07,16.82873190262703
2010-11-08,14.217310458896257
2010-11-09,12.38931179889174
2010-11-10,9.755650096707077
2010-11-11,6.883889990034062
2010-11-12,5.9964078521978985
2010-11-13,6.143232285631431
2010-11-14,8.134107155055421
2010-11-15,9.757753149791188
2010-11-16,10.30699272347725
2010-11-17,9.316739551642993
2010-11-18,8.541275518722124
2010-11-19,8.293969233406878
2010-11-20,8.350074577647444
2010-11-21,7.018691833078573
2010-11-22,6.575841080911387
2010-11-23,6.0410296515317
2010-11-24,5.5607346934929085
2010-11-25,6.609914251995211
2010-11-26,8.355368159454963
2010-11-27,7.24811764090014
2010-11-28,6.419816248017699
2010-11-29,6.752275149751517
2010-11-30,7.371651886002241
2010-12-01,3.6536903605917215
2010-12-02,5.044110533959388
2010-12-03,5.517291863588218
2010-12-04,5.146230799633911
2010-12-05,7.10167729000049
2010-12-06,6.759307780561452
2010-12-07,3.910742484610257
2010-12-08,2.9539020328355208
2010-12-09,2.5463375997290414
2010-12-10,2.2441453975541
2010-12-11,2.461811142310475
2010-12-12,1.8435506799841834
2010-12-13,2.3522292430166782
2010-12-14,3.117748099729005
2010-12-15,3.251928606667623
2010-12-16,2.5082186142900036
2010-12-17,2.461828114114323
2010-12-18,2.091660092792812
2010-12-19,4.849507921235567
2010-12-20,3.3500915238837274
2010-12-21,1.3405207614369274
2010-12-22,0.809041729017096
2010-12-23,1.323913695160113
2010-12-24,2.3937926175330992
2010-12-25,2.3964146455468653
2010-12-26,3.7741198041309807
2010-12-27,3.060756019778096
2010-12-28,3.9058645465855335
2010-12-29,2.920961004852675
2010-12-30,1.8435287346870675
2010-12-31,4.369256694564798
2011-01-01,4.059579903106543
2011-01-02,5.085856909843548
2011-01-03,6.952095553424809
2011-01-04,7.565675476142066
2011-01-05,7.513674415841208
2011-01-06,5.724031234101095
2011-01-07,7.706554540682689
2011-01-08,5.86219513252014
2011-01-09,3.2388060968989176
2011-01-10,2.7613925132775865
2011-01-11,2.45518008198602
2011-01-12,2.6740265226755757
2011-01-13,4.199054920158044
2011-01-14,3.5967078285150356
2011-01-15,3.2801055884713683
2011-01-16,2.665069562181719
2011-01-17,0.9509429343794342
2011-01-18,0.8071228880275739
2011-01-19,0.864547774377632
2011-01-20,0.48650259471163065
2011-01-21,1.3844770780029672
2011-01-22,2.574004580086293
2011-01-23,3.142496317469065
2011-01-24,3.9986062564784883
2011-01-25,3.262479190861499
2011-01-26,3.7393490285493978
2011-01-27,2.104110530303847
2011-01-28,1.241902023603303
2011-01-29,1.015945707938871
2011-01-30,1.5237244432124784
2011-01-31,1.3588172571248545
2011-02-01,1.1157229197405596
2011-02-02,2.1293917410017182
2011-02-03,2.045170013219777
2011-02-04,1.7190610931125736
2011-02-05,1.7959245688948677
2011-02-06,1.0023371022168932
2011-02-07,0.6323306001476118
2011-02-08,1.3460926167506995
2011-02-09,1.511236161009448
2011-02-10,2.398287330413367
2011-02-11,2.109892145355204
2011-02-12,3.071376395522198
2011-02-13,2.339185337374805
2011-02-14,2.199402183802149
2011-02-15,1.656102744086257
2011-02-16,1.9844939594597926
2011-02-17,3.5575562693790403
2011-02-18,2.0031324614267634
2011-02-19,2.341544798633038
2011-02-20,1.488280184782792
2011-02-21,1.4303000068737453
2011-02-22,1.2481077319758476
2011-02-23,0.5788428496414507
2011-02-24,0.6557688324982065
2011-02-25,0.40484900388676676
2011-02-26,1.287413482984522
2011-02-27,1.0221764826104263
2011-02-28,1.4074620241890499
2011-03-01,1.7581135715815683
2011-03-02,1.9645210562159732
2011-03-03,1.9136788803847762
2011-03-04,1.046664208281245
2011-03-05,2.676534146767314
2011-03-06,2.787506211368155
2011-03-07,3.659338792901312
2011-03-08,2.5813170913535624
2011-03-09,3.142905705216502
2011-03-10,2.820117265167704
2011-03-11,3.3766117395081605
2011-03-12,2.806083671554523
2011-03-13,2.0835509474395417
2011-03-14,2.6359062177452683
2011-03-15,2.764654453293158
2011-03-16,4.41266647830447
2011-03-17,4.069743341786309
2011-03-18,3.1778674149514097
2011-03-19,3.9009763391597305
2011-03-20,2.8047017167855737
2011-03-21,5.208105787408421
2011-03-22,7.401601096126321
2011-03-23,9.00751278009648
2011-03-24,9.091663602016057
2011-03-25,8.421397443643283
2011-03-26,7.99272644296362
2011-03-27,7.615190915823954
2011-03-28,6.294406689282243
2011-03-29,6.694252839360824
2011-03-30,8.131562329399685
2011-03-31,9.532913340132541
2011-04-01,5.964763954828986
2011-04-02,9.117704667503844
2011-04-03,8.733431946230098
2011-04-04,6.208320293112852
2011-04-05,5.434315304172877
2011-04-06,6.389783024343562
2011-04-07,6.214727509002292
2011-04-08,4.963913743712689
2011-04-09,3.5221554103326413
2011-04-10,4.779014971659241
2011-04-11,3.8732561158690837
2011-04-12,3.7073142016492717
2011-04-13,2.654326945749779
2011-04-14,1.666338319075326
2011-04-15,2.2719476331077213
2011-04-16,4.131190108569962
2011-04-17,3.7532949254401644
2011-04-18,2.096884918105977
2011-04-19,1.799577894640462
2011-04-20,1.9050951587538978
2011-04-21,0.6665404003285617
2011-04-22,1.6005687387803276
2011-04-23,1.2550812414519172
2011-04-24,2.043137782942479
2011-04-25,2.302727699189558
2011-04-26,2.5027243312754583
2011-04-27,1.5045354947100091
2011-04-28,2.6704341260829563
2011-04-29,3.5560767517139475
2011-04-30,5.949265239166291
2011-05-01,5.218885419483624
2011-05-02,5.935875142244047
2011-05-03,5.312349317912554
2011-05-04,6.919991336127666
2011-05-05,7.35645415819909
2011-05-06,5.656691557998791
2011-05-07,5.932469507363908
2011-05-08,5.033442538571608
2011-05-09,4.376774800423141
2011-05-10,5.09006077297055
2011-05-11,7.600665327762746
2011-05-12,5.909546202828913
2011-05-13,5.663813414453082
2011-05-14,4.276992394625388
2011-05-15,7.623453153580959
2011-05-16,10.349136849559674
2011-05-17,14.174515304553134
2011-05-18,15.156258413419161
2011-05-19,11.722299248448707
2011-05-20,9.961853722161644
2011-05-21,9.595983742490821
2011-05-22,8.966569279483723
2011-05-23,7.3656557801744516
2011-05-24,7.79479924802654
2011-05-25,7.039403712445044
2011-05-26,6.750965282412234
2011-05-27,10.740220395986833
2011-05-28,11.026802392776519
2011-05-29,7.937411495250857
2011-05-30,8.567066060560403
2011-05-31,8.644776549697463
2011-06-01,9.539173588226593
2011-06-02,10.207202369583966
2011-06-03,7.735156721272274
2011-06-04,8.141918935786071
2011-06-05,9.96019795501236
2011-06-06,16.716793188643337
2011-06-07,16.898344993681302
2011-06-08,20.56010316319864
2011-06-09,23.983897832152326
2011-06-10,19.369514160152605
2011-06-11,15.939012961014765
2011-06-12,19.76093620227678
2011-06-13,15.93560619584819
2011-06-14,13.656071756927414
2011-06-15,14.88327218004782
2011-06-16,12.099155520989607
2011-06-17,15.464406504382666
2011-06-18,17.482975370977865
2011-06-19,19.911668954842757
2011-06-20,21.611142423482896
2011-06-21,17.278097262963776
2011-06-22,19.534011874927934
2011-06-23,21.329361257626694
2011-06-24,22.216962936325487
2011-06-25,19.670616166080944
2011-06-26,19.085817694978633
2011-06-27,15.250659062135036
2011-06-28,16.226727570001056
2011-06-29,18.599094499547178
2011-06-30,18.537425882857562
2011-07-01,17.114210603939306
2011-07-02,18.441375532288323
2011-07-03,16.441024420321003
2011-07-04,10.814204437198365
2011-07-05,11.832872691331936
2011-07-06,11.31652484197403
2011-07-07,8.079686521521568
2011-07-08,9.490279235309947
2011-07-09,11.266412158289274
2011-07-10,13.616787486259122
2011-07-11,11.997244415650096
2011-07-12,10.413776444876394
2011-07-13,10.580880777162053
2011-07-14,10.256749400220418
2011-07-15,7.351185864583594
2011-07-16,5.737861593712268
2011-07-17,9.07905569813938
2011-07-18,9.081206402092775
2011-07-19,8.87179511434431
2011-07-20,7.324957626059463
2011-07-21,8.012446341450747
2011-07-22,9.591846292912194
2011-07-23,10.603341674977814
2011-07-24,14.872669454977817
2011-07-25,14.234541770073015
2011-07-26,15.138683182261758
2011-07-27,13.238878070374481
2011-07-28,15.441806050902855
2011-07-29,15.861031198726774
2011-07-30,18.009137343963786
2011-07-31,20.006803215635966
2011-08-01,16.44629506079615
2011-08-02,16.903847584800996
2011-08-03,14.706630868588157
2011-08-04,17.174600655458434
2011-08-05,15.900419955163981
2011-08-06,20.208173150106088
2011-08-07,20.254371762498014
2011-08-08,20.421760047523453
2011-08-09,17.14806168585801
2011-08-10,15.596789552409028
2011-08-11,15.352166294737646
2011-08-12,12.425542859396842
2011-08-13,11.689416910464566
2011-08-14,10.16215090320517
2011-08-15,8.32171375751736
2011-08-16,8.667222570148027
2011-08-17,9.502399356124645
2011-08-18,8.809991913763998
2011-08-19,9.935770201491023
2011-08-20,9.013299239900958
2011-08-21,6.596071436177299
2011-08-22,5.2518197029890334
2011-08-23,6.508251476605488
2011-08-24,9.862341037468019
2011-08-25,10.036216936682711
2011-08-26,10.311472705272633
2011-08-27,7.68899157332773
2011-08-28,8.851554413210138
2011-08-29,9.463863322128294
2011-08-30,7.808628033741147
2011-08-31,9.200060414929904
2011-09-01,9.617170442167563
2011-09-02,5.859927636205339
2011-09-03,3.645993817619473
2011-09-04,3.2644109283163165
2011-09-05,3.4419663606984607
2011-09-06,5.769844606452063
2011-09-07,5.117948840788526
2011-09-08,5.523858945643535
2011-09-09,5.554835597841055
2011-09-10,7.098145576601119
2011-09-11,7.444678559387527
2011-09-12,8.116640671581537
2011-09-13,7.625976524219492
2011-09-14,4.93902963992592
2011-09-15,4.784515573031094
2011-09-16,8.863681772840797
2011-09-17,11.204297224470325
2011-09-18,15.115868067040786
2011-09-19,16.571136877639425
2011-09-20,14.144856327546297
2011-09-21,12.505755921065617
2011-09-22,13.692076335949439
2011-09-23,12.460664415021062
2011-09-24,14.05431240400284
2011-09-25,17.49049011088524
2011-09-26,20.54362762446337
2011-09-27,21.80311047671747
2011-09-28,15.76314565267723
2011-09-29,18.84335470618775
2011-09-30,14.046974394773782
2011-10-01,10.185463208436603
2011-10-02,10.498925534075374
2011-10-03,10.462980016448016
2011-10-04,11.745216069691377
2011-10-05,11.50298727222771
2011-10-06,9.71776393968515
2011-10-07,9.64113697528039
2011-10-08,7.41636667200736
2011-10-09,5.240743890355473
2011-10-10,5.037203363350383
2011-10-11,4.884793073521277
2011-10-12,5.437482857143759
2011-10-13,5.204854217369558
2011-10-14,7.840157048973368
2011-10-15,7.14182973081086
2011-10-16,6.921713525552849
2011-10-17,9.001308797372584
2011-10-18,4.699322422376325
2011-10-19,7.0068120830139184
2011-10-20,9.02951372969085
2011-10-21,8.408251705192242
2011-10-22,12.727473649417249
2011-10-23,14.09821774705033
2011-10-24,17.474669533474152
2011-10-25,18.930578706376707
2011-10-26,17.81345616697277
2011-10-27,15.678705073881709
2011-10-28,11.946504519643126
2011-10-29,9.6910101485167
2011-10-30,7.1302302016804155
2011-10-31,6.1572398628668275
2011-11-01,7.287396209287996
2011-11-02,5.311236887691527
2011-11-03,6.556712579504021
2011-11-04,7.930218449641072
2011-11-05,5.09604689315234
2011-11-06,4.144332366590536
2011-11-07,4.20578898270743
2011-11-08,3.4945953647347086
2011-11-09,2.786850691543387
2011-11-10,5.314845031617463
2011-11-11,5.784496179346648
2011-11-12,8.207917882720011
2011-11-13,7.927084122756157
2011-11-14,9.163578692092202
2011-11-15,6.412263744317954
2011-11-16,5.662851188498037
2011-11-17,7.3265579011458835
2011-11-18,7.3685000776762
2011-11-19,9.617359696381074
2011-11-20,9.26928464782414
2011-11-21,7.997200685171193
2011-11-22,7.4703099611287165
2011-11-23,11.081079206163817
2011-11-24,11.253908342680267
2011-11-25,9.678053183061287
2011-11-26,8.781579792395965
2011-11-27,6.554089506790326
2011-11-28,8.83525020829029
2011-11-29,7.665290285228703
2011-11-30,8.711589759798056
2011-12-01,8.142043386467673
2011-12-02,7.277828565073406
2011-12-03,6.077443286121358
2011-12-04,7.1102451964911175
2011-12-05,6.752138154622306
2011-12-06,8.684927869294956
2011-12-07,11.016111374027625
2011-12-08,9.389600178819592
2011-12-09,9.087299919018427
2011-12-10,11.804978384670681
2011-12-11,12.76853058533565
2011-12-12,11.860293204458394
2011-12-13,8.225421200396172
2011-12-14,6.34035296228461
2011-12-15,5.130502017125418
2011-12-16,7.973746746346364
2011-12-17,7.895732282874344
2011-12-18,6.922434931917903
2011-12-19,6.251490735252599
2011-12-20,5.612495777410938
2011-12-21,5.966637309412121
2011-12-22,3.573733812441915
2011-12-23,2.226635487202442
2011-12-24,2.6722939792026588
2011-12-25,4.157570172434645
2011-12-26,2.090171621275744
2011-12-27,2.990915946668671
2011-12-28,2.094074879972317
2011-12-29,0.9877696023063308
2011-12-30,2.0638211298902034
2011-12-31,2.1265857995170006
2012-01-01,2.7918589910133016
2012-01-02,2.5630971421851236
2012-01-03,2.541554829101939
2012-01-04,1.2321276302811657
2012-01-05,1.1709707222367873
2012-01-06,1.5235900744468334
2012-01-07,1.089852648038252
2012-01-08,1.60564666979045
2012-01-09,2.2499940972982713
2012-01-10,0.9160281383130772
2012-01-11,1.8004013715848102
2012-01-12,2.5505104235696163
2012-01-13,2.784758382511214
2012-01-14,4.227980720365212
2012-01-15,7.008354008460436
2012-01-16,5.391605782851565
2012-01-17,6.340630330427408
2012-01-18,6.874406241673822
2012-01-19,7.13908316413529
2012-01-20,8.216888571682732
2012-01-21,9.44482656001412
2012-01-22,8.502472323508487
2012-01-23,4.935733417566591
2012-01-24,4.0497537183767385
2012-01-25,3.3141372405011604
2012-01-26,5.207890021774442
2012-01-27,5.182937568722508
2012-01-28,6.589031848387504
2012-01-29,5.407602065699458
2012-01-30,5.60602001892817
2012-01-31,5.430993518837543
2012-02-01,5.4546690493529
2012-02-02,6.043659556856912
2012-02-03,7.829985019309093
2012-02-04,6.65265860942338
2012-02-05,8.220338911491613
2012-02-06,9.434772584526984
2012-02-07,9.246291389931848
2012-02-08,9.64011448416022
2012-02-09,8.600649800601213
2012-02-10,6.661721352299273
2012-02-11,6.078439353715168
2012-02-12,5.659215046462721
2012-02-13,5.502814423856688
2012-02-14,4.438779111744948
2012-02-15,6.578767080216478
2012-02-16,5.867402187350628
2012-02-17,6.852844779683331
2012-02-18,8.209485543729595
2012-02-19,7.657390026724615
2012-02-20,7.776442396354905
2012-02-21,6.607476386266397
2012-02-22,5.05874461189555
2012-02-23,7.843330747034932
2012-02-24,7.485446505651587
2012-02-25,4.797547838339795
2012-02-26,3.8479086264959
2012-02-27,2.5309120450463056
2012-02-28,2.6579493301079844
2012-02-29,4.319622648704567
2012-03-01,5.586638708532616
2012-03-02,4.6854526913852865
2012-03-03,3.6647968225206062
2012-03-04,4.560896770370747
2012-03-05,4.855457301667843
2012-03-06,4.561998155286669
2012-03-07,6.589854628325622
2012-03-08,6.778991567675689
2012-03-09,4.65262617514975
2012-03-10,2.454947372507493
2012-03-11,2.788287431864282
2012-03-12,1.5206555045942094
2012-03-13,2.207774734648065
2012-03-14,3.235300639900927
2012-03-15,5.88000821294098
2012-03-16,4.674022104795573
2012-03-17,5.0956665922776825
2012-03-18,2.627173676587004
2012-03-19,2.560279432026937
2012-03-20,2.630243667447344
2012-03-21,4.79451114406215
2012-03-22,3.1698680073345558
2012-03-23,3.7824041019260117
2012-03-24,4.08699542238527
2012-03-25,6.834233308508641
2012-03-26,5.466184463404001
2012-03-27,4.304563056295203
2012-03-28,5.082558988786636
2012-03-29,4.9888534196445775
2012-03-30,4.565441536205753
2012-03-31,3.541173317200459
2012-04-01,3.6206280545840475
2012-04-02,2.107604303811573
2012-04-03,2.6247322033109954
2012-04-04,3.545766792408796
2012-04-05,4.282496469468875
2012-04-06,7.680461932773448
2012-04-07,8.553074108636652
2012-04-08,6.739292089386599
2012-04-09,6.253704509963778
2012-04-10,7.291277164265216
2012-04-11,6.575964813188791
2012-04-12,9.503058058923752
2012-04-13,9.435427952815362
2012-04-14,8.136369930222195
2012-04-15,6.814499837671608
2012-04-16,7.8040114573493
2012-04-17,6.288159385566978
2012-04-18,3.8142907775052883
2012-04-19,4.583194143798755
2012-04-20,3.795001121822893
2012-04-21,6.090152315831863
2012-04-22,8.9722249447346
2012-04-23,7.670741937665053
2012-04-24,7.412466344189909
2012-04-25,6.978610611115091
2012-04-26,7.739498350430767
2012-04-27,8.026934399890575
2012-04-28,6.599615138408904
2012-04-29,4.192423970506221
2012-04-30,4.734398420978836
2012-05-01,7.286451057719383
2012-05-02,5.333399303480644
2012-05-03,4.612027637644825
2012-05-04,3.9023359865135046
2012-05-05,3.9573734301079244
2012-05-06,1.737228112598145
2012-05-07,2.0765918937908348
2012-05-08,1.9723979194840882
2012-05-09,4.631956540100666
2012-05-10,5.740801563887534
2012-05-11,6.897484475933099
2012-05-12,6.9401702748602485
2012-05-13,6.4073304652516
2012-05-14,7.683300478187595
2012-05-15,4.902713839484631
2012-05-16,6.795251518266872
2012-05-17,7.571631632452337
2012-05-18,7.120291873866007
2012-05-19,9.30785052847799
2012-05-20,8.077276520548603
2012-05-21,6.929569728977161
2012-05-22,7.438466822161377
2012-05-23,4.375115052982056
2012-05-24,4.592850967784749
2012-05-25,4.46573283994161
2012-05-26,6.386599663313271
2012-05-27,9.460823137960386
2012-05-28,10.46714026549174
2012-05-29,10.787835763851557
2012-05-30,11.328926082798757
2012-05-31,9.349192028949192
2012-06-01,14.25950553684409
2012-06-02,16.112915389430672
2012-06-03,19.76295707173523
2012-06-04,14.756142196685364
2012-06-05,15.243573200290685
2012-06-06,15.502177668683432
2012-06-07,17.335037886563956
2012-06-08,13.904317304148543
2012-06-09,14.163165741428395
2012-06-10,12.79804529641614
2012-06-11,17.27482605766219
2012-06-12,13.126190751376784
2012-06-13,11.67860448005494
2012-06-14,10.068772787233089
2012-06-15,7.493237571434699
2012-06-16,7.965040939148973
2012-06-17,8.363498769634486
2012-06-18,6.987118089694741
2012-06-19,6.374735499720296
2012-06-20,7.096271234196296
2012-06-21,7.185443822346293
2012-06-22,8.403994015014352
2012-06-23,6.994228209855058
2012-06-24,5.45379069768547
2012-06-25,5.7849375579957565
2012-06-26,3.1441952881042394
2012-06-27,6.258858386155073
2012-06-28,7.011414304317707
2012-06-29,4.1498797439898425
2012-06-30,5.349374202836178
2012-07-01,8.987434958187
2012-07-02,6.138022819680141
2012-07-03,5.438552109404428
2012-07-04,8.285153403351877
2012-07-05,6.765796008498895
2012-07-06,9.212216648639103
2012-07-07,12.247373525174915
2012-07-08,12.241138734200199
2012-07-09,13.0419239112697
2012-07-10,15.371461517762746
2012-07-11,15.612222143628527
2012-07-12,17.63077659427691
2012-07-13,16.373964224812653
2012-07-14,15.458078814618048
2012-07-15,12.810662643414037
2012-07-16,13.555785723845283
2012-07-17,16.652282590952424
2012-07-18,19.576590103101477
2012-07-19,18.944391754833035
2012-07-20,13.436600419977712
2012-07-21,10.911974571508482
2012-07-22,12.270319230734177
2012-07-23,9.765263794921855
2012-07-24,12.494429939009832
2012-07-25,9.772450765371175
2012-07-26,10.63259894947025
2012-07-27,8.810612445087846
2012-07-28,7.513423991469223
2012-07-29,8.37839386920566
2012-07-30,7.827418274126383
2012-07-31,10.515801454055643
2012-08-01,10.595438873258553
2012-08-02,8.005941015719198
2012-08-03,1.5641349718945476
2012-08-04,1.4492706223301615
2012-08-05,1.9498645742422087
2012-08-06,3.971399918889462
2012-08-07,2.9179146218365863
2012-08-08,6.478515461970261
2012-08-09,8.681999543608336
2012-08-10,8.001345218547954
2012-08-11,11.072144811770691
2012-08-12,7.355735230974379
2012-08-13,5.375575621866998
2012-08-14,7.0364840349724265
2012-08-15,8.631387635019383
2012-08-16,11.971441606914087
2012-08-17,15.435236435330436
2012-08-18,13.536359746346424
2012-08-19,11.522668290900116
2012-08-20,10.45313248168427
2012-08-21,9.779491446756643
2012-08-22,11.13890131838736
2012-08-23,10.13119357638181
2012-08-24,13.842159883543578
2012-08-25,13.298779058112695
2012-08-26,9.301457722259078
2012-08-27,6.361186691422041
2012-08-28,7.801274467566985
2012-08-29,8.847329969719409
2012-08-30,5.909648238941861
2012-08-31,3.222365245034903
2012-09-01,6.576478855646583
2012-09-02,7.9366050705336155
2012-09-03,7.612983152849967
2012-09-04,5.310995565333053
2012-09-05,7.576739461538098
2012-09-06,6.438984222546334
2012-09-07,7.485481093456039
2012-09-08,3.318775462697038
2012-09-09,3.258120928362868
2012-09-10,4.072528311880213
2012-09-11,5.22289276472272
2012-09-12,3.8601756706963704
2012-09-13,3.3506874442315833
2012-09-14,5.861387312473754
2012-09-15,5.846566819864649
2012-09-16,9.266754578782123
2012-09-17,11.067307787651226
2012-09-18,14.211584904022759
2012-09-19,17.367487073390798
2012-09-20,18.421816356398033
2012-09-21,20.1580825463368
2012-09-22,17.041366902513325
2012-09-23,13.83712423709974
2012-09-24,13.89154853424104
2012-09-25,16.34846357469052
2012-09-26,13.292756484530086
2012-09-27,18.440809480415865
2012-09-28,22.920613006380506
2012-09-29,19.0646851941644
2012-09-30,15.701247397039385
2012-10-01,12.323890627046058
2012-10-02,12.456006934439534
2012-10-03,15.310782160180983
2012-10-04,15.861608204084186
2012-10-05,13.470934174375305
2012-10-06,14.86303190323186
2012-10-07,16.060112619147045
2012-10-08,19.170020424605166
2012-10-09,21.23943196101528
2012-10-10,17.130940497075954
2012-10-11,14.576894896806351
2012-10-12,17.15468865864451
2012-10-13,19.072177381556006
2012-10-14,19.226016204314227
2012-10-15,16.27664193169946
2012-10-16,18.49829181510855
2012-10-17,17.630744288997782
2012-10-18,22.645851738827435
2012-10-19,24.44044470413236
2012-10-20,20.877472145439583
2012-10-21,16.73515500998367
2012-10-22,18.71848101604936
2012-10-23,19.529417683146814
2012-10-24,15.796473693394
2012-10-25,15.813529619173023
2012-10-26,16.25885150165731
2012-10-27,13.677514613846135
2012-10-28,12.535593630595393
2012-10-29,9.47717624945529
2012-10-30,7.733924494308858
2012-10-31,8.906346522416493
2012-11-01,9.043584921400015
2012-11-02,9.038164032093034
2012-11-03,11.793475264837983
2012-11-04,13.52873277459757
2012-11-05,10.567810763852435
2012-11-06,13.784554525116524
2012-11-07,10.737996525457653
2012-11-08,9.768190877263267
2012-11-09,9.782375575220511
2012-11-10,8.428250886878294
2012-11-11,7.452298791781201
2012-11-12,5.240461192934364
2012-11-13,6.243623453889044
2012-11-14,6.76694904983235
2012-11-15,7.318979577276784
2012-11-16,4.11975500052813
2012-11-17,3.158584352461962
2012-11-18,4.926935887436417
2012-11-19,5.743797456519748
2012-11-20,7.152962949228287
2012-11-21,7.1156677527561625
2012-11-22,6.751147930971853
2012-11-23,3.216957173205622
2012-11-24,6.4574728707436435
2012-11-25,4.796711974558202
2012-11-26,4.3747292885578615
2012-11-27,5.7792005541175415
2012-11-28,6.126208790819091
2012-11-29,7.050458055354906
2012-11-30,6.896628650646022
2012-12-01,5.221213231398012
2012-12-02,7.865178670163016
2012-12-03,5.555662729629499
2012-12-04,6.273242422597183
2012-12-05,3.9935931569083247
2012-12-06,3.7045593402663055
2012-12-07,2.5107624154179167
2012-12-08,2.2786652091509736
2012-12-09,1.655590569642324
2012-12-10,1.9646866958349865
2012-12-11,3.2522825253599783
2012-12-12,2.7736316932686242
2012-12-13,2.355739422832729
2012-12-14,0.9643084291180848
2012-12-15,3.1989607566078004
2012-12-16,3.7381755622671835
2012-12-17,2.710044313475052
2012-12-18,4.62565828325469
2012-12-19,5.066314191482579
2012-12-20,2.5363450466778232
2012-12-21,1.5878270227898137
2012-12-22,2.7393677270648387
2012-12-23,1.6837466533207066
2012-12-24,1.1651405323364101
2012-12-25,0.9715520876846541
2012-12-26,1.094537634491968
2012-12-27,1.2545830798326147
2012-12-28,2.3172256931718636
2012-12-29,3.163502335454747
2012-12-30,2.622627738823389
2012-12-31,2.734504972898848
2013-01-01,1.4059671636636522
2013-01-02,1.9986748907185627
2013-01-03,5.07087128039769
2013-01-04,5.514308427337399
2013-01-05,5.113722464202257
2013-01-06,4.587589219694305
2013-01-07,4.556445184618203
2013-01-08,5.664953272562914
2013-01-09,3.701125275031922
2013-01-10,4.668271612765983
2013-01-11,3.8416299708659993
2013-01-12,4.29940148599789
2013-01-13,5.855561891839765
2013-01-14,3.989797702344797
2013-01-15,7.290125722867042
2013-01-16,8.138479706784903
2013-01-17,7.086097076791232
2013-01-18,7.2574202733201645
2013-01-19,5.946999730583591
2013-01-20,5.902267128070559
2013-01-21,6.278345018664627
2013-01-22,3.52569119779931
2013-01-23,3.8969672501684105
2013-01-24,4.143871831274031
2013-01-25,5.444357672904248
2013-01-26,6.2408246918414765
2013-01-27,5.2266426144362015
2013-01-28,4.496862484791773
2013-01-29,4.488669348708598
2013-01-30,5.254746763217209
2013-01-31,4.39268533876022
2013-02-01,6.356058184286951
2013-02-02,6.540736847655465
2013-02-03,6.572000876012139
2013-02-04,7.346955993696459
2013-02-05,6.74450507284701
2013-02-06,7.272069019298819
2013-02-07,7.954101000764099
2013-02-08,5.216158368090832
2013-02-09,4.297033857301519
2013-02-10,3.020278795614586
2013-02-11,3.093358014885363
2013-02-12,2.3396240563487387
2013-02-13,1.9133391929552408
2013-02-14,1.2801959975318293
2013-02-15,0.45755879763263946
2013-02-16,0.7150771972640625
2013-02-17,0.8561400384294863
2013-02-18,1.1462857878113342
2013-02-19,4.531058371246361
2013-02-20,6.019856612816204
2013-02-21,5.759034038186976
2013-02-22,4.855545300409759
2013-02-23,5.4002292388751485
2013-02-24,4.03223546838712
2013-02-25,2.745676505810881
2013-02-26,3.3107875680955052
2013-02-27,2.1126681394126545
2013-02-28,1.124966661671521
2013-03-01,1.0995380582352337
2013-03-02,2.0264142375681313
2013-03-03,1.2182538936509604
2013-03-04,1.5702356407248093
2013-03-05,2.1078639410980493
2013-03-06,2.207224619875187
2013-03-07,2.8972402947287357
2013-03-08,2.1040175393928218
2013-03-09,1.7069694604154957
2013-03-10,1.1651424309828913
2013-03-11,1.0724217734136845
2013-03-12,1.8547481404212252
2013-03-13,2.2043517305865024
2013-03-14,1.724785902803347
2013-03-15,2.285512202864658
2013-03-16,0.6337881034417612
2013-03-17,1.0192445308879738
2013-03-18,1.6657230440566044
2013-03-19,1.1568699788134538
2013-03-20,0.977928281205764
2013-03-21,1.262975347142163
2013-03-22,1.6881987297373178
2013-03-23,1.6138940894119138
2013-03-24,1.3073274023050547
2013-03-25,1.1059613865937927
2013-03-26,1.5720969077203033
2013-03-27,1.5162042331241707
2013-03-28,1.2463646765800498
2013-03-29,1.0401978049330796
2013-03-30,4.060466035224633
2013-03-31,5.152072998181997
2013-04-01,6.040885345120212
2013-04-02,6.156224825722259
2013-04-03,5.776795218918615
2013-04-04,4.551408570970008
2013-04-05,3.845630184702481
2013-04-06,4.100221696146416
2013-04-07,4.150130544328354
2013-04-08,2.3900207105210085
2013-04-09,3.231254473562984
2013-04-10,3.095575884750231
2013-04-11,1.8453070302878969
2013-04-12,1.8460466704270064
2013-04-13,4.270876967068812
2013-04-14,3.916372824087953
2013-04-15,4.510193752497374
2013-04-16,4.7345589394505305
2013-04-17,3.502518972232161
2013-04-18,3.1509282915064234
2013-04-19,3.66360784195388
2013-04-20,2.842818065129374
2013-04-21,2.6575615188889694
2013-04-22,2.806793501848226
2013-04-23,2.7561663117585598
2013-04-24,2.75339027632784
2013-04-25,3.405340186954649
2013-04-26,4.204586440423404
2013-04-27,4.318538217076617
2013-04-28,5.758794564119779
2013-04-29,7.555178534145386
2013-04-30,5.484678118309475
2013-05-01,5.8279636448637335
2013-05-02,5.842412068066682
2013-05-03,6.056040908973722
2013-05-04,5.9850829776203405
2013-05-05,5.9244396283283
2013-05-06,5.847641785595636
2013-05-07,7.04333174476391
2013-05-08,5.551463165040662
2013-05-09,6.624321195559661
2013-05-10,5.043361080747128
2013-05-11,8.096284347302767
2013-05-12,9.71327077175694
2013-05-13,7.605662895069666
2013-05-14,7.691953639377726
2013-05-15,8.613429664005505
2013-05-16,7.733745354198331
2013-05-17,9.363941987965127
2013-05-18,8.853406670828077
2013-05-19,12.903180534844214
2013-05-20,13.025244336182707
2013-05-21,13.566421067663052
2013-05-22,11.431710750152872
2013-05-23,9.162899303639422
2013-05-24,10.463664570120313
2013-05-25,7.136153963835616
2013-05-26,8.092523589413009
2013-05-27,11.877232110264478
2013-05-28,16.592956293659483
2013-05-29,11.827448105349784
2013-05-30,11.370456345063332
2013-05-31,12.15070408397656
2013-06-01,13.168859320609231
2013-06-02,14.887625959618104
2013-06-03,10.857871725648911
2013-06-04,10.560053908326239
2013-06-05,6.828543989822825
2013-06-06,7.215123311310521
2013-06-07,11.835105641716174
2013-06-08,9.521907764744123
2013-06-09,9.982141634838058
2013-06-10,10.150121737415072
2013-06-11,6.829866014318413
2013-06-12,7.431698673233175
2013-06-13,5.296151044879669
2013-06-14,5.554787828796671
2013-06-15,7.208041118538233
2013-06-16,6.289133608343626
2013-06-17,7.609353406652566
2013-06-18,5.322964335883126
2013-06-19,4.019150511841144
2013-06-20,4.2938766234521895
2013-06-21,3.7496891208123424
2013-06-22,3.3561028691010404
2013-06-23,4.176561477985587
2013-06-24,3.2709962399859984
2013-06-25,4.0348937116275385
2013-06-26,3.523337693535989
2013-06-27,5.5126445354856894
2013-06-28,5.600899332104502
2013-06-29,5.1299026954761295
2013-06-30,6.972114513863725
2013-07-01,7.962201940529694
2013-07-02,9.087472075943108
2013-07-03,7.4571021265336705
2013-07-04,9.060644463128057
2013-07-05,8.06057378026787
2013-07-06,5.080102543158722
2013-07-07,4.78583426124804
2013-07-08,8.391759292944228
2013-07-09,8.121432808825785
2013-07-10,5.988807822900023
2013-07-11,6.836942656968177
2013-07-12,4.888423204371484
2013-07-13,4.234930346090872
2013-07-14,3.944149628588912
2013-07-15,4.82709538317191
2013-07-16,6.165243885762045
2013-07-17,6.97186178054894
2013-07-18,7.015943297190606
2013-07-19,6.104786343484771
2013-07-20,5.565710224718909
2013-07-21,6.465412705818847
2013-07-22,6.571220156866367
2013-07-23,6.015900415826722
2013-07-24,9.86396851109457
2013-07-25,11.508971424732017
2013-07-26,13.120808287862586
2013-07-27,13.083100195597195
2013-07-28,13.211782132163396
2013-07-29,13.294866607744916
2013-07-30,14.986092878975152
2013-07-31,12.41360322623577
2013-08-01,11.30336932447132
2013-08-02,15.165278887638108
2013-08-03,14.323225680617393
2013-08-04,16.689279799169263
2013-08-05,11.185328874377362
2013-08-06,11.985937329095966
2013-08-07,12.548462485209825
2013-08-08,11.880536579089908
2013-08-09,11.987060533401745
2013-08-10,11.732558546965445
2013-08-11,7.740367182309174
2013-08-12,7.354747142115974
2013-08-13,5.743743256402664
2013-08-14,4.037005061976309
2013-08-15,6.327736486765779
2013-08-16,3.5728238444545397
2013-08-17,3.009100570494784
2013-08-18,2.2831114604644527
2013-08-19,4.065908319339455
2013-08-20,3.2551374401802526
2013-08-21,3.1157225819616876
2013-08-22,4.528057252622414
2013-08-23,1.7751231112842456
2013-08-24,1.692767323289788
2013-08-25,2.5307609063020142
2013-08-26,2.7696464577699698
2013-08-27,2.131204538620793
2013-08-28,1.430739710393702
2013-08-29,1.3668039555995066
2013-08-30,0.9724602143579716
2013-08-31,0.5106869507553556
2013-09-01,1.8113795804473498
2013-09-02,2.9144570099120584
2013-09-03,4.947654679030649
2013-09-04,5.151847510525229
2013-09-05,3.1289787208971274
2013-09-06,2.7323847638682484
2013-09-07,4.907462630932059
2013-09-08,5.881201241932223
2013-09-09,4.259203557645231
2013-09-10,5.684525919310567
2013-09-11,6.184413924832146
2013-09-12,5.838161046332659
2013-09-13,10.24870377422521
2013-09-14,8.188326985353388
2013-09-15,7.4664434558155675
2013-09-16,6.362278003741129
2013-09-17,8.797519551201002
2013-09-18,10.508639955092333
2013-09-19,11.691562186155023
2013-09-20,10.655803978151257
2013-09-21,10.209454127870647
2013-09-22,9.719768092174053
2013-09-23,5.621396741595656
2013-09-24,3.654012055987797
2013-09-25,5.3585964714120875
2013-09-26,7.017121481613927
2013-09-27,3.9424672859919414
2013-09-28,4.893878055422183
2013-09-29,3.05272071112255
2013-09-30,1.638628670984889
2013-10-01,2.7629475249609037
2013-10-02,3.6359907669191625
2013-10-03,3.947350576632747
2013-10-04,5.869299971649747
2013-10-05,8.19392424949766
2013-10-06,9.041656723016246
2013-10-07,7.06881726193492
2013-10-08,8.124023254522587
2013-10-09,8.582499176552114
2013-10-10,9.49324681111118
2013-10-11,12.398164161533401
2013-10-12,8.511393632794658
2013-10-13,13.82964371876349
2013-10-14,14.647339442557408
2013-10-15,12.340849370992501
2013-10-16,15.19480388490341
2013-10-17,12.675841707359556
2013-10-18,9.18621057407573
2013-10-19,10.858157298290402
2013-10-20,9.965677977646514
2013-10-21,12.175396502495627
2013-10-22,10.4258688051346
2013-10-23,9.808484067027605
2013-10-24,9.070530484053663
2013-10-25,6.078202072471566
2013-10-26,5.353493570150298
2013-10-27,3.44443796824263
2013-10-28,2.941444766329368
2013-10-29,5.214941515037953
2013-10-30,4.980658063706892
2013-10-31,4.397385319359501
2013-11-01,7.345925986201109
2013-11-02,4.85574257654411
2013-11-03,4.985961956721008
2013-11-04,4.603667120418544
2013-11-05,6.4584692538748065
2013-11-06,6.373854562983543
2013-11-07,5.882512536845885
2013-11-08,6.586442201936534
2013-11-09,6.466169044151468
2013-11-10,10.612655210445938
2013-11-11,7.474723190103141
2013-11-12,9.491486741210675
2013-11-13,13.835198614592146
2013-11-14,15.12293693809207
2013-11-15,15.947876984080153
2013-11-16,13.24390003513331
2013-11-17,14.526868169594612
2013-11-18,12.620497249729716
2013-11-19,14.042701797587123
2013-11-20,8.334692749800574
2013-11-21,7.1177075863176205
2013-11-22,3.818958383081368
2013-11-23,5.678125564757608
2013-11-24,4.648517317581885
2013-11-25,6.412579613452062
2013-11-26,5.410068059652153
2013-11-27,4.421766073005668
2013-11-28,7.2480082966401564
2013-11-29,9.040586265454872
2013-11-30,10.86370748900633
2013-12-01,13.363527031435781
2013-12-02,13.89288750887654
2013-12-03,14.760520102368567
2013-12-04,16.600722772053107
2013-12-05,14.982274951621523
2013-12-06,12.507353706214232
2013-12-07,14.241211321881897
2013-12-08,14.20281957494136
2013-12-09,12.957631053946212
2013-12-10,12.436544677312973
2013-12-11,12.813783676535703
2013-12-12,10.170352165341212
2013-12-13,8.058878173769132
2013-12-14,6.659060767248541
2013-12-15,6.79176287719555
2013-12-16,3.7617315120680432
2013-12-17,2.034243477451945
2013-12-18,2.7409817223242947
2013-12-19,3.13716177062208
2013-12-20,2.1236282744708808
2013-12-21,3.2747006767709457
2013-12-22,3.0130505585484997
2013-12-23,3.198056586423294
2013-12-24,4.2824905568186695
2013-12-25,4.695509334277493
2013-12-26,6.96293979488937
2013-12-27,7.4851372004899135
2013-12-28,10.43513188477973
2013-12-29,6.106559939883842
2013-12-30,3.9364603737900326
2013-12-31,2.679423678153191
2014-01-01,2.6025421655786642
2014-01-02,1.9004964238031352
2014-01-03,1.2160802196518647
2014-01-04,0.8707872314332668
2014-01-05,0.7062561149081374
2014-01-06,1.5345562069822662
2014-01-07,1.5009523229988113
2014-01-08,2.2272798552540034
2014-01-09,3.6926437614392422
2014-01-10,5.214843701951246
2014-01-11,4.594113132786126
2014-01-12,3.3441049952158233
2014-01-13,5.124749568997414
2014-01-14,3.011870837470108
2014-01-15,1.84107514451968
2014-01-16,2.4255407873991337
2014-01-17,3.085855588532499
2014-01-18,3.312567537349244
2014-01-19,2.452792230779271
2014-01-20,3.0357611630816925
2014-01-21,4.435307964340421
2014-01-22,4.015361737259781
2014-01-23,6.531007018272503
2014-01-24,6.064517803809744
2014-01-25,4.477190954151545
2014-01-26,4.08544538864346
2014-01-27,3.2454356784692022
2014-01-28,2.8710630021051005
2014-01-29,2.3439484597902855
2014-01-30,2.407995158972846
2014-01-31,3.4244244133740995
2014-02-01,3.7659708914274437
2014-02-02,3.870659802061394
2014-02-03,2.639738164282776
2014-02-04,1.4970015806504149
2014-02-05,1.4476998899875548
2014-02-06,2.2757418836345256
2014-02-07,3.1472702246987647
2014-02-08,3.465118858442398
2014-02-09,2.225388054820344
2014-02-10,2.1546672594826557
2014-02-11,2.3862630320927916
2014-02-12,3.309425270006922
2014-02-13,2.548823528180546
2014-02-14,2.4571534027318354
2014-02-15,2.673226303651594
2014-02-16,2.732197395533126
2014-02-17,1.5282033187557897
2014-02-18,1.8928913547555934
2014-02-19,1.006733170249926
2014-02-20,0.6401250637739192
2014-02-21,0.8740142406468986
2014-02-22,0.6714153960040622
2014-02-23,0.9866286041061316
2014-02-24,1.779363034124292
2014-02-25,2.1949192268203217
2014-02-26,3.237707186027899
2014-02-27,2.8235093007264753
2014-02-28,2.9550104372253005
2014-03-01,2.5590280268073053
2014-03-02,2.0305420105458207
2014-03-03,5.384812388888912
2014-03-04,4.882088082071485
2014-03-05,6.908243744351677
2014-03-06,6.33801529154517
2014-03-07,7.128401432112649
2014-03-08,6.628385596898141
2014-03-09,4.732356326517534
2014-03-10,6.662509387122026
2014-03-11,6.090041311944015
2014-03-12,5.949486843306328
2014-03-13,8.204480022557819
2014-03-14,6.799518816052443
2014-03-15,6.430473614387621
2014-03-16,6.793601290679033
2014-03-17,7.372394419658035
2014-03-18,3.3137077731023425
2014-03-19,3.837870667965993
2014-03-20,5.934101627455718
2014-03-21,6.916088391548596
2014-03-22,7.06419606836651
2014-03-23,7.224512457757597
2014-03-24,6.980732219650295
2014-03-25,8.04811132859179
2014-03-26,6.858094924325058
2014-03-27,7.2062056063084
2014-03-28,8.813455458708791
2014-03-29,9.434250581996134
2014-03-30,9.365235948480308
2014-03-31,7.509507212097591
2014-04-01,6.490660554764214
2014-04-02,6.703327773453131
2014-04-03,6.424062376900989
2014-04-04,5.9629877586578655
2014-04-05,3.394566473445908
2014-04-06,4.2677666621645605
2014-04-07,3.7976620522902333
2014-04-08,3.11145188447806
2014-04-09,4.392294316255228
2014-04-10,4.222233699093254
2014-04-11,4.126063488163223
2014-04-12,4.80222019280475
2014-04-13,4.120741550432705
2014-04-14,3.0509528040135256
2014-04-15,2.1728062819207
2014-04-16,2.622610871238977
2014-04-17,2.679175342553782
2014-04-18,1.0677946474021598
2014-04-19,2.233920633215192
2014-04-20,2.316853732600699
2014-04-21,1.8075716118256295
2014-04-22,1.9977538339495482
2014-04-23,1.7326671184867841
2014-04-24,1.912228706627759
2014-04-25,1.6017057707511813
2014-04-26,1.0441910663289444
2014-04-27,1.5344217819629908
2014-04-28,1.6876578074501243
2014-04-29,2.062133861868838
2014-04-30,2.797743198427595
2014-05-01,3.0901782140292706
2014-05-02,4.831145308918289
2014-05-03,3.929414170128633
2014-05-04,2.2343982993500004
2014-05-05,1.1807735189896433
2014-05-06,0.7526853472552223
2014-05-07,1.7336829083297522
2014-05-08,0.9575247885247059
2014-05-09,1.8683613454909085
2014-05-10,2.2889317313686406
2014-05-11,1.102214934554089
2014-05-12,2.3783821388290596
2014-05-13,1.9094907376841435
2014-05-14,2.0009222510153886
2014-05-15,2.547234330828599
2014-05-16,3.9608944279046034
2014-05-17,3.6633302703703126
2014-05-18,4.568050675031799
2014-05-19,3.3649206229809248
2014-05-20,2.292508057478004
2014-05-21,4.405882559861113
2014-05-22,5.420577466834526
2014-05-23,6.061972208737194
2014-05-24,8.13368944394702
2014-05-25,9.992808012887243
2014-05-26,9.411801209506162
2014-05-27,9.47877200836882
2014-05-28,12.493545464136684
2014-05-29,12.952262816524351
2014-05-30,11.065082053641312
2014-05-31,13.132517459182472
2014-06-01,14.441282248488472
2014-06-02,10.019400556505781
2014-06-03,7.234070077474268
2014-06-04,10.287957882423095
2014-06-05,12.715701429258853
2014-06-06,11.238580919562764
2014-06-07,13.332104782575401
2014-06-08,13.085684322044354
2014-06-09,13.40514688985814
2014-06-10,11.3928107501232
2014-06-11,16.85996335156607
2014-06-12,21.14073978033817
2014-06-13,22.741812983336146
2014-06-14,18.14222689285408
2014-06-15,17.031061490212203
2014-06-16,20.30465908089327
2014-06-17,17.26489328978637
2014-06-18,14.213894923551939
2014-06-19,13.92824318000368
2014-06-20,13.910806289755312
2014-06-21,12.145018028320768
2014-06-22,9.012510011211134
2014-06-23,8.58845558365801
2014-06-24,7.459667200770347
2014-06-25,7.629544751802617
2014-06-26,8.425030261791624
2014-06-27,10.277909448745456
2014-06-28,9.456089184535587
2014-06-29,9.960424812421152
2014-06-30,10.276953987461908
2014-07-01,8.08352085337521
2014-07-02,7.083289160178484
2014-07-03,5.508078804249454
2014-07-04,9.026746886987414
2014-07-05,7.777060492044933
2014-07-06,9.07925250422241
2014-07-07,10.761891440822993
2014-07-08,12.46780277407904
2014-07-09,9.229799582980137
2014-07-10,7.367771643294849
2014-07-11,9.061237312636493
2014-07-12,11.501492439276873
2014-07-13,11.129654974296196
2014-07-14,11.866799589849672
2014-07-15,7.772716715205429
2014-07-16,11.131799753734057
2014-07-17,15.393307714726044
2014-07-18,15.220015467822169
2014-07-19,14.364734411547284
2014-07-20,13.278773563189604
2014-07-21,10.905390221058674
2014-07-22,6.102400998557993
2014-07-23,7.1082386858286535
2014-07-24,8.525696620820172
2014-07-25,12.631460175891931
2014-07-26,11.578364421267212
2014-07-27,9.253368425564645
2014-07-28,9.82171644858209
2014-07-29,7.078754500347611
2014-07-30,7.2144923791148985
2014-07-31,4.471556774564253
2014-08-01,4.338007488226549
2014-08-02,6.86270470062033
2014-08-03,8.515587076583008
2014-08-04,12.168593015867415
2014-08-05,16.394404413045063
2014-08-06,14.719070936817365
2014-08-07,11.742229570400125
2014-08-08,6.896854421298699
2014-08-09,7.2834777935160195
2014-08-10,8.002226410064566
2014-08-11,10.706927707929953
2014-08-12,8.18703244860919
2014-08-13,7.424845781846253
2014-08-14,9.003754941587681
2014-08-15,7.423802543326782
2014-08-16,6.39254518326173
2014-08-17,10.993616263664961
2014-08-18,9.034866851109891
2014-08-19,8.707478675681013
2014-08-20,9.639656984975037
2014-08-21,10.56570356779172
2014-08-22,6.4090483505551274
2014-08-23,3.8821791954613896
2014-08-24,1.9223182652576345
2014-08-25,4.0639014710619765
2014-08-26,5.75239580211553
2014-08-27,4.431255056035437
2014-08-28,7.346620877668213
2014-08-29,9.233952505385945
2014-08-30,13.664259930522695
2014-08-31,8.533700693265747
2014-09-01,6.22847127339126
2014-09-02,5.633722416495297
2014-09-03,5.558840773439162
2014-09-04,6.775720032201916
2014-09-05,7.9551244834610015
2014-09-06,6.668077012142276
2014-09-07,8.544810119956914
2014-09-08,5.923671942320866
2014-09-09,7.335596487363981
2014-09-10,9.509261339976966
2014-09-11,6.503446328037007
2014-09-12,7.10430834561944
2014-09-13,6.114802434656372
2014-09-14,7.335216624544157
2014-09-15,12.84149505412764
2014-09-16,10.984385938062259
2014-09-17,14.114439470786584
2014-09-18,10.706115531690182
2014-09-19,14.42295910049497
2014-09-20,19.083151619046056
2014-09-21,16.628438888772212
2014-09-22,14.431070350724763
2014-09-23,13.386301314625248
2014-09-24,15.992387691402048
2014-09-25,12.65896572113819
2014-09-26,16.019569533782725
2014-09-27,16.274718481201383
2014-09-28,17.65798167843428
2014-09-29,17.46173008325661
2014-09-30,13.818341135400626
2014-10-01,14.771038949463337
2014-10-02,12.470978965865903
2014-10-03,10.314113028664675
2014-10-04,14.291688300157546
2014-10-05,16.667968660248807
2014-10-06,16.56241216374128
2014-10-07,17.230628345421987
2014-10-08,14.990995067578506
2014-10-09,19.586079165109496
2014-10-10,15.92057857895443
2014-10-11,12.92657951900326
2014-10-12,12.710644967225972
2014-10-13,15.613325915991194
2014-10-14,14.546068102337122
2014-10-15,15.074663749418123
2014-10-16,12.711449213175877
2014-10-17,12.287016247973959
2014-10-18,10.05961650860084
2014-10-19,10.744932469282702
2014-10-20,7.292552938476103
2014-10-21,12.426214623226338
2014-10-22,14.271906558307078
2014-10-23,12.22808260840421
2014-10-24,15.350617385239403
2014-10-25,12.464751041591786
2014-10-26,14.770342144627925
2014-10-27,13.55287344885972
2014-10-28,15.04908082435652
2014-10-29,15.096820244814548
2014-10-30,13.564866954150142
2014-10-31,13.028518196683912
2014-11-01,13.126831068604176
2014-11-02,7.827345853713223
2014-11-03,7.749489190502967
2014-11-04,9.620642800007468
2014-11-05,7.4795717700610735
2014-11-06,5.880802001489962
2014-11-07,3.9946367184521816
2014-11-08,2.114045167984914
2014-11-09,3.7102094525490243
2014-11-10,2.6552286317423257
2014-11-11,1.8299401309751588
2014-11-12,2.248007144892594
2014-11-13,2.385208159756988
2014-11-14,7.55475717629121
2014-11-15,8.534146535759279
2014-11-16,5.108015307940774
2014-11-17,8.49751420247784
2014-11-18,9.291070587680311
2014-11-19,8.387477219548826
2014-11-20,7.143890148567485
2014-11-21,4.329839902648642
2014-11-22,7.569656025602681
2014-11-23,7.352075946725633
2014-11-24,5.746796130986546
2014-11-25,8.086813779187047
2014-11-26,7.9361223146371564
2014-11-27,4.5914239341912575
2014-11-28,3.015491357550585
2014-11-29,2.6809447369374593
2014-11-30,6.935655093550982
2014-12-01,7.0681444679197725
2014-12-02,6.303073567667779
2014-12-03,6.73952663118118
2014-12-04,6.764435241834013
2014-12-05,2.386988744173277
2014-12-06,2.9716977875452453
2014-12-07,4.546049183353153
2014-12-08,4.363332321609763
2014-12-09,4.99952000618288
2014-12-10,5.546604536493306
2014-12-11,5.697012492448805
2014-12-12,4.534408569046846
2014-12-13,4.323568563566322
2014-12-14,6.252284442300597
2014-12-15,6.396047784575689
2014-12-16,5.546384851348011
2014-12-17,6.241438833389183
2014-12-18,4.463536253979429
2014-12-19,3.5586473931796365
2014-12-20,5.090269039828018
2014-12-21,4.674691019551136
2014-12-22,2.402828551415748
2014-12-23,1.3414096871609495
2014-12-24,1.70741805220102
2014-12-25,1.3311671645779102
2014-12-26,2.208454416406443
2014-12-27,4.142246110328567
2014-12-28,3.554246419527022
2014-12-29,3.4333978669067053
2014-12-30,3.019305893516252
2014-12-31,3.263891577194006
2015-01-01,3.089059932787574
2015-01-02,3.871268032937203
2015-01-03,3.433657334130515
2015-01-04,2.6888552658850866
2015-01-05,2.9766454484265807
2015-01-06,2.3546265503488106
2015-01-07,4.619165275603221
2015-01-08,5.637419871041997
2015-01-09,3.704978271284895
2015-01-10,2.051650618781
2015-01-11,2.0950859254398178
2015-01-12,2.4405936913326367
2015-01-13,4.029260917489487
2015-01-14,3.6614046382542713
2015-01-15,2.9237105453878316
2015-01-16,4.8177308832596815
2015-01-17,4.096572756846796
2015-01-18,3.5643075467972762
2015-01-19,3.176247224400638
2015-01-20,4.631376485616214
2015-01-21,3.9653593698782736
2015-01-22,5.785835330819475
2015-01-23,3.850901159491902
2015-01-24,3.7503954355658147
2015-01-25,5.148391097710174
2015-01-26,3.5270979108523215
2015-01-27,2.4553285999132966
2015-01-28,3.276458987996095
2015-01-29,1.4892681023357828
2015-01-30,2.566048426715377
2015-01-31,2.4518712815775046
2015-02-01,1.6914398095349634
2015-02-02,4.086583879904607
2015-02-03,3.0463266668111064
2015-02-04,3.2256758536890957
2015-02-05,3.3608052962897608
2015-02-06,4.622147294097656
2015-02-07,4.19308332493986
2015-02-08,5.424683894614243
2015-02-09,6.393957412834431
2015-02-10,6.633671370195807
2015-02-11,7.904823657744798
2015-02-12,5.4379743362939985
2015-02-13,6.859337681496118
2015-02-14,7.4469617865676145
2015-02-15,7.389679717952051
2015-02-16,6.955781079707855
2015-02-17,5.6072808019864055
2015-02-18,4.529687023258107
2015-02-19,4.775217178264946
2015-02-20,5.103428090162086
2015-02-21,4.932942044130324
2015-02-22,3.95845289120549
2015-02-23,3.2564042047722794
2015-02-24,3.865559102031505
2015-02-25,6.184044901327331
2015-02-26,3.580980472365582
2015-02-27,2.7011706989782405
2015-02-28,2.61106890890217
2015-03-01,2.477580590050006
2015-03-02,3.125530227049975
2015-03-03,4.284127178527921
2015-03-04,4.619514804730213
2015-03-05,4.787591017931329
2015-03-06,5.406222533805044
2015-03-07,6.991246060951897
2015-03-08,7.015923001113341
2015-03-09,5.935549819767157
2015-03-10,6.321927875158203
2015-03-11,6.009703713346993
2015-03-12,8.53027011879732
2015-03-13,8.225754126356655
2015-03-14,7.798723729019621
2015-03-15,9.111751195880897
2015-03-16,10.92322738159758
2015-03-17,9.460626707544828
2015-03-18,9.962048388895663
2015-03-19,8.520897813011688
2015-03-20,8.575384202516066
2015-03-21,7.118863692554514
2015-03-22,7.215574132101552
2015-03-23,8.98159681628928
2015-03-24,8.480764080331479
2015-03-25,8.382973797188335
2015-03-26,6.993697164856015
2015-03-27,7.272745747128285
2015-03-28,7.4504221491807465
2015-03-29,5.96966030008312
2015-03-30,4.445689094407935
2015-03-31,3.6042644852685637
2015-04-01,2.646297119996455
2015-04-02,2.4273465339369866
2015-04-03,1.9959401064332116
2015-04-04,1.5578547701615006
2015-04-05,1.544549837322013
2015-04-06,1.7899267822760883
2015-04-07,1.9518956137980357
2015-04-08,0.6864530750145443
2015-04-09,0.9676995927334087
2015-04-10,1.393019013794885
2015-04-11,1.9593552137972812
2015-04-12,2.2654105521320402
2015-04-13,2.3077906453014116
2015-04-14,3.780055549989058
2015-04-15,6.442009042908019
2015-04-16,5.887197382621435
2015-04-17,8.064154925538
2015-04-18,7.30712042170288
2015-04-19,6.853691340081694
2015-04-20,5.146449296364208
2015-04-21,3.110076538199135
2015-04-22,2.9346275672849305
2015-04-23,3.814543785139854
2015-04-24,5.546365791709232
2015-04-25,6.642575331941133
2015-04-26,6.441011576832163
2015-04-27,9.52942921584072
2015-04-28,8.910154005421305
2015-04-29,8.509871358468843
2015-04-30,7.165003347509092
2015-05-01,7.477185918786831
2015-05-02,7.146798907675767
2015-05-03,8.089776963571005
2015-05-04,8.584596634535437
2015-05-05,11.46772867436177
2015-05-06,10.394821417373471
2015-05-07,7.291670980756328
2015-05-08,6.862791548348411
2015-05-09,6.228660853104186
2015-05-10,7.732385349594411
2015-05-11,5.335274817295557
2015-05-12,6.608463929963363
2015-05-13,5.320940661567149
2015-05-14,5.276882826622194
2015-05-15,6.8731258358077385
2015-05-16,5.2288502948256985
2015-05-17,5.337516009516976
2015-05-18,5.187983178134678
2015-05-19,4.618152306310915
2015-05-20,4.877082436059482
2015-05-21,5.644332613534818
2015-05-22,5.03863398280579
2015-05-23,5.850653166901076
2015-05-24,5.83206105545395
2015-05-25,7.075339872610296
2015-05-26,9.662936696852865
2015-05-27,10.61876903527829
2015-05-28,11.128822466985286
2015-05-29,10.57789154116352
2015-05-30,7.907993472805551
2015-05-31,11.014558335269442
2015-06-01,10.267103700628091
2015-06-02,14.723395953560196
2015-06-03,16.157514961810847
2015-06-04,16.18123824336648
2015-06-05,20.358511566982685
2015-06-06,24.454969638020447
2015-06-07,21.146366039063743
2015-06-08,18.957489634642435
2015-06-09,17.817670521140624
2015-06-10,18.387239359361516
2015-06-11,11.78541387928735
2015-06-12,11.604821056063672
2015-06-13,12.997745322469529
2015-06-14,8.759588769677014
2015-06-15,7.481985987924198
2015-06-16,8.19820501853359
2015-06-17,5.900763580001056
2015-06-18,5.805177586707447
2015-06-19,4.9013476738351445
2015-06-20,4.818696760215649
2015-06-21,7.020355467340916
2015-06-22,5.3160190095681035
2015-06-23,5.3062718998824066
2015-06-24,7.551352607551046
2015-06-25,9.10550218178762
2015-06-26,7.053623079362626
2015-06-27,7.947384427675894
2015-06-28,7.868396359355101
2015-06-29,6.565433976666044
2015-06-30,6.50289313916975
2015-07-01,9.830293516619284
2015-07-02,8.310918367610265
2015-07-03,6.405569270426233
2015-07-04,5.00364925403582
2015-07-05,2.882987369092015
2015-07-06,2.888649171258999
2015-07-07,2.395822867303054
2015-07-08,1.2521383707500464
2015-07-09,2.0444158752776613
2015-07-10,1.0129576528387054
2015-07-11,0.43255250372392867
2015-07-12,0.41656041532841476
2015-07-13,0.0005315373440493221
2015-07-14,0.13392290552877015
2015-07-15,0.7109937213801142
2015-07-16,0.5343863375637729
2015-07-17,0.6840901277105987
2015-07-18,0.8674401475954027
2015-07-19,1.14501271207863
2015-07-20,0.6569425261163682
2015-07-21,0.7458164567166942
2015-07-22,1.7477206464958277
2015-07-23,1.7813147896558528
2015-07-24,1.5188060396381864
2015-07-25,2.89536456988602
2015-07-26,4.080663103324163
2015-07-27,5.238001036812698
2015-07-28,6.834243286871262
2015-07-29,6.335598465992438
2015-07-30,4.68013172216175
2015-07-31,2.321808929719249
2015-08-01,1.5248844150939778
2015-08-02,1.175372549912962
2015-08-03,0.8409866585121328
2015-08-04,0.5157197080131741
2015-08-05,1.1065730201028348
2015-08-06,1.0571658695997244
2015-08-07,1.2260073241669873
2015-08-08,1.8554487063966996
2015-08-09,2.9356624566879157
2015-08-10,4.271340572855572
2015-08-11,5.23999816551646
2015-08-12,8.275877012603091
2015-08-13,7.21153015589022
2015-08-14,7.468168367511281
2015-08-15,7.41964810693296
2015-08-16,6.834806018895644
2015-08-17,5.625755721824927
2015-08-18,7.249746569735231
2015-08-19,7.694363319922173
2015-08-20,11.692768441829486
2015-08-21,17.376358121422637
2015-08-22,22.413880580516413
2015-08-23,15.753388118429154
2015-08-24,20.435550387672034
2015-08-25,17.37770048184071
2015-08-26,12.238366929416737
2015-08-27,13.001843866859069
2015-08-28,8.558970560341804
2015-08-29,4.769257965385389
2015-08-30,3.6287459014078416
2015-08-31,1.2801220568092126
2015-09-01,1.2275564057868813
2015-09-02,2.578502417670978
2015-09-03,2.4033491395530144
2015-09-04,3.6044284707983163
2015-09-05,6.502264956961554
2015-09-06,9.701456489321103
2015-09-07,4.7025844814706295
2015-09-08,6.155941453695494
2015-09-09,6.507126561656367
2015-09-10,8.240777751858007
2015-09-11,8.007031747415477
2015-09-12,8.640047186018146
2015-09-13,9.58718474316586
2015-09-14,12.381660203973562
2015-09-15,15.618628105907316
2015-09-16,16.856362465585274
2015-09-17,14.928553418639405
2015-09-18,8.994188927215886
2015-09-19,6.545472993021601
2015-09-20,3.5303619338917103
2015-09-21,3.2656306371969985
2015-09-22,3.882742318505883
2015-09-23,6.853068201884083
2015-09-24,7.024494688617337
2015-09-25,12.096351403308242
2015-09-26,12.3501585065049
2015-09-27,8.065029072509628
2015-09-28,7.37088550160394
2015-09-29,5.1948949264364614
2015-09-30,6.240101443589023
2015-10-01,9.517300082489974
2015-10-02,10.384872810447295
2015-10-03,11.05042812814395
2015-10-04,7.932073240785422
2015-10-05,4.131926705076291
2015-10-06,5.850303283642108
2015-10-07,6.843693457148436
2015-10-08,7.2599087730188
2015-10-09,8.060886489306807
2015-10-10,10.822979258964342
2015-10-11,10.19168163216295
2015-10-12,9.101390698518692
2015-10-13,8.098427347745098
2015-10-14,10.698748590624605
2015-10-15,10.551179042580634
2015-10-16,14.29713493014514
2015-10-17,11.199375233695985
2015-10-18,13.162272832529256
2015-10-19,13.059244087354381
2015-10-20,13.393173416175932
2015-10-21,13.988578356640067
2015-10-22,15.906329747494897
2015-10-23,19.550249270417012
2015-10-24,13.181418797599866
2015-10-25,11.738739961185432
2015-10-26,10.569827455049163
2015-10-27,5.841636173199135
2015-10-28,6.216501963416309
2015-10-29,5.276671384104746
2015-10-30,5.4432573845924574
2015-10-31,3.689553209596887
2015-11-01,3.3425167026871714
2015-11-02,3.2631682115613416
2015-11-03,3.978279267858806
2015-11-04,3.874862593814285
2015-11-05,2.6003222798056123
2015-11-06,6.245867623647596
2015-11-07,6.545673297779939
2015-11-08,7.351211092334842
2015-11-09,7.7946996600213145
2015-11-10,11.659146589940288
2015-11-11,9.463068553277811
2015-11-12,10.771576967857522
2015-11-13,10.646606885788731
2015-11-14,11.140539854885825
2015-11-15,14.32752713127777
2015-11-16,14.246904716941932
2015-11-17,17.601687784946463
2015-11-18,18.153509680130345
2015-11-19,17.37109208854699
2015-11-20,15.709441041774154
2015-11-21,14.228344979409163
2015-11-22,13.322233471544921
2015-11-23,8.033145462156984
2015-11-24,7.00911973813207
2015-11-25,9.036871580918923
2015-11-26,9.749961452925941
2015-11-27,10.53466990362384
2015-11-28,10.223813390122695
2015-11-29,10.798492297359394
2015-11-30,11.80400532530569
2015-12-01,7.886309607258943
2015-12-02,7.516587004072589
2015-12-03,7.8429104112196
2015-12-04,7.99141083656581
2015-12-05,8.04970478744728
2015-12-06,5.451977847225166
2015-12-07,4.699513486801048
2015-12-08,3.2779984871653336
2015-12-09,8.24266920741223
2015-12-10,7.320561801080692
2015-12-11,5.400509631752111
2015-12-12,2.7843114816335057
2015-12-13,3.0188169676123824
2015-12-14,5.574019268951945
2015-12-15,4.670124334835941
2015-12-16,5.595013071255737
2015-12-17,8.272700071989226
2015-12-18,8.872682175571143
2015-12-19,6.678327086120724
2015-12-20,4.718197470754842
2015-12-21,3.7753423450545336
2015-12-22,5.339834057358258
2015-12-23,2.246434217518348
2015-12-24,3.799197749505797
2015-12-25,3.9992798364211692
2015-12-26,6.085873127647589
2015-12-27,4.103764340455519
2015-12-28,3.612203677854263
2015-12-29,2.748910380249583
2015-12-30,2.8336863069767473
2015-12-31,3.1085833458554015
2016-01-01,3.0725502025776215
2016-01-02,5.6266912581123565
2016-01-03,4.171505809693921
2016-01-04,3.128562763468038
2016-01-05,3.701813652080555
2016-01-06,3.7946894444728003
2016-01-07,3.5200867045098865
2016-01-08,2.0346332054439227
2016-01-09,1.9060291252387587
2016-01-10,2.104155979703692
2016-01-11,2.78519482411367
2016-01-12,4.6906552796182535
2016-01-13,5.348336897064786
2016-01-14,5.104286827697838
2016-01-15,5.288083148215274
2016-01-16,5.038762787460271
2016-01-17,4.030516714874562
2016-01-18,3.5163821376002438
2016-01-19,3.2838034108831384
2016-01-20,2.693943310557587
2016-01-21,2.658465357672884
2016-01-22,2.831924761087315
2016-01-23,2.4977347133640353
2016-01-24,4.523254621895015
2016-01-25,3.045696902875532
2016-01-26,4.587179262214193
2016-01-27,3.5486131215903614
2016-01-28,3.5694837126892627
2016-01-29,2.482088683179899
2016-01-30,2.602432678145888
2016-01-31,3.690995111831529
2016-02-01,2.6238402593018075
2016-02-02,2.5751202975744967
2016-02-03,2.5979211611738067
2016-02-04,2.642806951481115
2016-02-05,1.9125432319443052
2016-02-06,1.4964851957789795
2016-02-07,1.548913275419835
2016-02-08,3.0615625342483166
2016-02-09,3.5531692432399415
2016-02-10,3.447281507668023
2016-02-11,1.8670113281749878
2016-02-12,1.7647929940718647
2016-02-13,2.0101006368164858
2016-02-14,1.3304909707016734
2016-02-15,1.6227893002144405
2016-02-16,1.833808969541514
2016-02-17,1.898601157528108
2016-02-18,3.415661217422715
2016-02-19,2.5267132130617216
2016-02-20,2.269927566996504
2016-02-21,2.6660762374724376
2016-02-22,3.8985187096662517
2016-02-23,3.643920207534291
2016-02-24,2.3040769898957754
2016-02-25,3.019914125890125
2016-02-26,4.204511503223453
2016-02-27,3.6691183963498073
2016-02-28,5.382969229287496
2016-02-29,7.878356075246434
2016-03-01,7.884736916748663
2016-03-02,8.30357735401146
2016-03-03,7.992291800937343
2016-03-04,8.158085326263773
2016-03-05,7.062354816976619
2016-03-06,6.894801973375664
2016-03-07,7.2017082932372185
2016-03-08,7.325423834610011
2016-03-09,6.055653579397133
2016-03-10,4.6969129667323095
2016-03-11,3.6165345133211204
2016-03-12,2.9142287905334343
2016-03-13,6.675887166203144
2016-03-14,7.567916339811861
2016-03-15,7.475196455495882
2016-03-16,6.730951928764231
2016-03-17,8.569134627064672
2016-03-18,6.0081702144858165
2016-03-19,5.395808928158308
2016-03-20,5.913585851444995
2016-03-21,5.485230130370368
2016-03-22,5.6831165766184535
2016-03-23,6.37466435215634
2016-03-24,5.46655559544918
2016-03-25,5.821049501359456
2016-03-26,7.390434946605769
2016-03-27,7.791148316996437
2016-03-28,7.465350398104884
2016-03-29,8.532359101631853
2016-03-30,6.2190552054819355
2016-03-31,7.391770870670854
2016-04-01,4.768125973281862
2016-04-02,3.6751653556417527
2016-04-03,4.808216910353993
2016-04-04,4.589676477589885
2016-04-05,3.175494429075972
2016-04-06,3.4894184062595563
2016-04-07,4.982276827361627
2016-04-08,4.783553530617427
2016-04-09,2.5097990304656386
2016-04-10,4.330530587695538
2016-04-11,3.6752498079345557
2016-04-12,3.742657912884558
2016-04-13,3.954362479441363
2016-04-14,4.4694435323970225
2016-04-15,4.882601391527652
2016-04-16,3.541375515169673
2016-04-17,2.997849816709717
2016-04-18,4.330465577711832
2016-04-19,2.5984872440071745
2016-04-20,4.2792308297685056
2016-04-21,3.4873991055116713
2016-04-22,3.412029923131125
2016-04-23,2.3006775285363346
2016-04-24,2.2023807575837617
2016-04-25,1.5495088740580882
2016-04-26,1.8257884630502328
2016-04-27,1.3464681200632447
2016-04-28,1.3860197609217242
2016-04-29,0.48221693652537695
2016-04-30,1.086625543996217
2016-05-01,0.7025920386914087
2016-05-02,0.7286448952750193
2016-05-03,0.8704779775720685
2016-05-04,1.5934723297411901
2016-05-05,1.5033049753681798
2016-05-06,3.2497622639212516
2016-05-07,5.292950135701278
2016-05-08,4.244543576967116
2016-05-09,6.645512828664639
2016-05-10,4.3408153228353195
2016-05-11,4.845858866329858
2016-05-12,4.518483224989871
2016-05-13,4.489546118604371
2016-05-14,4.009267414612438
2016-05-15,4.529860713792713
2016-05-16,5.19394244339567
2016-05-17,5.412797855996234
2016-05-18,3.883350916851767
2016-05-19,2.6823240709348997
2016-05-20,1.700543400153665
2016-05-21,1.6965941466268504
2016-05-22,2.19673349053404
2016-05-23,4.6447436679889185
2016-05-24,3.8496371192863594
2016-05-25,2.9855733411101766
2016-05-26,3.74762658379453
2016-05-27,2.9401204685641993
2016-05-28,1.882309693569876
2016-05-29,2.0954180886758977
2016-05-30,1.4710608449256835
2016-05-31,1.5410025794082478
2016-06-01,3.877898527253484
2016-06-02,4.820457010388738
2016-06-03,5.624116445390446
2016-06-04,4.788432121944222
2016-06-05,6.401663884854502
2016-06-06,7.18232120991601
2016-06-07,8.8141047456831
2016-06-08,8.560866453527916
2016-06-09,8.151478663822548
2016-06-10,6.144533568604761
2016-06-11,4.793340111856477
2016-06-12,4.691782541394397
2016-06-13,4.495195351021724
2016-06-14,4.524508763901239
2016-06-15,4.548636410394164
2016-06-16,2.6113710136455928
2016-06-17,6.950553819919554
2016-06-18,7.247127388840712
2016-06-19,6.5741255114476935
2016-06-20,4.581183593247179
2016-06-21,6.750963602412987
2016-06-22,6.090677277088591
2016-06-23,4.648446442467598
2016-06-24,5.614529024055689
2016-06-25,9.52431207080897
2016-06-26,9.965865863716552
2016-06-27,12.228675255250584
2016-06-28,10.114552801904214
2016-06-29,11.556466274296163
2016-06-30,7.210602409123777
2016-07-01,6.910986224802261
2016-07-02,8.53120570430943
2016-07-03,9.401755405050176
2016-07-04,11.530856212629546
2016-07-05,10.083622818070788
2016-07-06,6.618940761859709
2016-07-07,7.102816049303808
2016-07-08,5.28837105754282
2016-07-09,7.34645811284418
2016-07-10,6.698266743691197
2016-07-11,2.88335222648792
2016-07-12,5.565424445182349
2016-07-13,3.6773143486277142
2016-07-14,2.462045654900022
2016-07-15,5.819249722608967
2016-07-16,9.015030913115515
2016-07-17,11.04310741226965
2016-07-18,8.422802076275572
2016-07-19,9.218057696154485
2016-07-20,9.391057196329703
2016-07-21,7.566211725712169
2016-07-22,7.287676784759135
2016-07-23,6.804710389891789
2016-07-24,7.586618485942761
2016-07-25,5.277692786120993
2016-07-26,7.091647075450226
2016-07-27,3.995438962137588
2016-07-28,4.899495784532977
2016-07-29,6.753997553210246
2016-07-30,5.535216635079884
2016-07-31,4.91068241313264
2016-08-01,9.397155703554876
2016-08-02,8.710705619806802
2016-08-03,11.709862699927507
2016-08-04,13.27320065006659
2016-08-05,10.619354963565218
2016-08-06,12.307159050271848
2016-08-07,10.871010503905547
2016-08-08,11.411681672317405
2016-08-09,6.508305014238675
2016-08-10,6.829781576502333
2016-08-11,9.5970972242196
2016-08-12,12.043167321948253
2016-08-13,13.829769624418606
2016-08-14,12.676854232118236
2016-08-15,12.0707896023845
2016-08-16,9.232244999904575
2016-08-17,8.613759943114571
2016-08-18,8.216704655537566
2016-08-19,7.443123069212182
2016-08-20,7.768043248638431
2016-08-21,7.108571077456353
2016-08-22,5.569231302452246
2016-08-23,4.366817636168888
2016-08-24,5.743468859417549
2016-08-25,9.978633290106202
2016-08-26,11.66124953614869
2016-08-27,10.466558518228775
2016-08-28,16.673797232707912
2016-08-29,16.838463426346554
2016-08-30,14.374647872064115
2016-08-31,15.061891035576991
2016-09-01,17.29076883778456
2016-09-02,11.297664786513185
2016-09-03,7.640705289199187
2016-09-04,8.22928869716509
2016-09-05,5.387990500925564
2016-09-06,3.4300062490278687
2016-09-07,5.859902801488601
2016-09-08,1.9967986382106693
2016-09-09,3.7125747232170294
2016-09-10,4.586792191125804
2016-09-11,7.095935411615131
2016-09-12,7.003207696454108
2016-09-13,10.116459494019375
2016-09-14,9.86228976045909
2016-09-15,7.127465582600838
2016-09-16,6.697885244548115
2016-09-17,7.424174688924829
2016-09-18,4.430080820393144
2016-09-19,6.476975456731179
2016-09-20,4.761172305741506
2016-09-21,5.646599761090829
2016-09-22,5.469705693351123
2016-09-23,5.643809308944243
2016-09-24,5.620788675481955
2016-09-25,5.953969618019519
2016-09-26,7.818709262284812
2016-09-27,9.078749401107286
2016-09-28,7.880283243960383
2016-09-29,8.096191411299058
2016-09-30,10.673965143091056
2016-10-01,11.915665819704714
2016-10-02,13.09642884839027
2016-10-03,12.479757549810435
2016-10-04,11.423702758853317
2016-10-05,10.701691300211072
2016-10-06,11.806110022645681
2016-10-07,11.234406159699123
2016-10-08,14.120680274667164
2016-10-09,21.42383999549259
2016-10-10,19.546698473697635
2016-10-11,22.72598932542789
2016-10-12,23.677353025817947
2016-10-13,24.649592987511273
2016-10-14,20.58791596060412
2016-10-15,22.104799676585042
2016-10-16,19.232667478148464
2016-10-17,18.988612331888948
2016-10-18,20.89835673667839
2016-10-19,23.66192335284289
2016-10-20,20.036933282245972
2016-10-21,17.07698359535072
2016-10-22,13.627802879738496
2016-10-23,8.719376874243585
2016-10-24,7.970762973245019
2016-10-25,7.278447927697791
2016-10-26,7.508015952908203
2016-10-27,7.260324662454989
2016-10-28,7.978760187281402
2016-10-29,9.657551682074208
2016-10-30,5.4550348828814474
2016-10-31,9.261648046119639
2016-11-01,8.493465475643378
2016-11-02,7.452375529630546
2016-11-03,7.082463529593913
2016-11-04,8.956522776088285
2016-11-05,9.073374035209842
2016-11-06,9.744143247910484
2016-11-07,11.634449791185352
2016-11-08,11.106304570598109
2016-11-09,11.412836471102493
2016-11-10,12.015236659984021
2016-11-11,9.859577384287329
2016-11-12,11.695988291295253
2016-11-13,10.08615254958271
2016-11-14,10.923039915064145
2016-11-15,9.485561172664102
2016-11-16,9.010344416809252
2016-11-17,8.228264642719038
2016-11-18,9.879864034584758
2016-11-19,11.02434510142115
2016-11-20,12.191106138063814
2016-11-21,11.082830780156781
2016-11-22,8.997417323692087
2016-11-23,6.77039921099691
2016-11-24,7.585446074903434
2016-11-25,7.2965098494085
2016-11-26,10.115229825125338
2016-11-27,14.317562684452964
2016-11-28,15.077478042912588
2016-11-29,15.35156459110258
2016-11-30,17.610425770335482
2016-12-01,20.262071516054004
2016-12-02,16.764513560235226
2016-12-03,17.22166447108626
2016-12-04,19.32319082471125
2016-12-05,12.48038730781828
2016-12-06,11.14035505129729
2016-12-07,11.049259822318753
2016-12-08,9.11574767338633
2016-12-09,10.058110825494145
2016-12-10,6.83186089958215
2016-12-11,9.243419798692537
2016-12-12,11.192262787787246
2016-12-13,10.661618193064518
2016-12-14,11.492014258131606
2016-12-15,8.150422603486252
2016-12-16,10.595506746165096
2016-12-17,11.34958271152735
2016-12-18,10.051562064736409
2016-12-19,8.504292748527705
2016-12-20,6.565820622119408
2016-12-21,5.935981567647937
2016-12-22,3.0084555854236643
2016-12-23,3.854183366942571
2016-12-24,3.8236144703238453
2016-12-25,2.995966102621267
2016-12-26,3.6269910327311634
2016-12-27,4.2133782686857275
2016-12-28,4.956294819602733
2016-12-29,5.882469603889125
2016-12-30,7.389296923426545
2016-12-31,7.959377880236086
2017-01-01,10.178275825351783
2017-01-02,8.82973457860401
2017-01-03,11.064162656798894
2017-01-04,6.941344775628076
2017-01-05,4.482918267524832
2017-01-06,3.2465164457988904
2017-01-07,3.6842428353498136
2017-01-08,4.589559190024543
2017-01-09,3.2076510201666792
2017-01-10,3.21545242506951
2017-01-11,2.834929363921166
2017-01-12,3.881945429729574
2017-01-13,2.841961148169552
2017-01-14,3.962175805903657
2017-01-15,3.9560181675257877
2017-01-16,6.194603777852629
2017-01-17,6.872436726758671
2017-01-18,5.9994748342319015
2017-01-19,6.395408830450926
2017-01-20,6.773857974872505
2017-01-21,5.535958778519161
2017-01-22,5.525924082119959
2017-01-23,3.992379364290247
2017-01-24,7.027997088238166
2017-01-25,6.001014092502069
2017-01-26,5.228694309550202
2017-01-27,7.095400208227757
2017-01-28,8.58213552901635
2017-01-29,6.840647755906808
2017-01-30,7.972782270983485
2017-01-31,8.425968582667931
2017-02-01,7.090615920175184
2017-02-02,7.204491403452363
2017-02-03,6.247529507656858
2017-02-04,7.143755345962447
2017-02-05,6.4312209593604805
2017-02-06,4.919175575734166
2017-02-07,4.521307647430673
2017-02-08,7.131361546289518
2017-02-09,5.977773902860892
2017-02-10,5.721636534481505
2017-02-11,6.68158786193272
2017-02-12,4.782779126784721
2017-02-13,6.792325942648294
2017-02-14,4.359376246214517
2017-02-15,5.063043906886996
2017-02-16,3.3424993833061634
2017-02-17,3.518665592753073
2017-02-18,5.052365860408414
2017-02-19,4.881754922475398
2017-02-20,4.4977972660259145
2017-02-21,3.9082907213546405
2017-02-22,2.9166106174439568
2017-02-23,4.027534318034988
2017-02-24,3.5754738392027443
2017-02-25,2.9400015110277047
2017-02-26,3.3953889967483892
2017-02-27,4.523231848682421
2017-02-28,5.558089751579352
2017-03-01,4.625426843230633
2017-03-02,3.7662907963082635
2017-03-03,4.737345000048946
2017-03-04,6.254269260715177
2017-03-05,4.651873818180526
2017-03-06,6.418343480459054
2017-03-07,5.9892848075952125
2017-03-08,6.816851596985859
2017-03-09,8.902289898058799
2017-03-10,8.178528765507156
2017-03-11,7.943283413560643
2017-03-12,5.708045401279666
2017-03-13,3.148113790650757
2017-03-14,3.5339975756418753
2017-03-15,2.658290513888449
2017-03-16,1.9832434447001832
2017-03-17,2.719466071847768
2017-03-18,3.821493078309289
2017-03-19,2.3631781116109507
2017-03-20,2.9606704273970763
2017-03-21,3.1894119762410424
2017-03-22,3.7052228025701415
2017-03-23,3.9824682038954804
2017-03-24,4.788038096079445
2017-03-25,3.956345822346481
2017-03-26,2.779092076540681
2017-03-27,3.4044453503474617
2017-03-28,5.135992266424949
2017-03-29,5.0767426906276585
2017-03-30,6.925515289977114
2017-03-31,7.5717603071913855
2017-04-01,5.700795801725724
2017-04-02,3.008572956597346
2017-04-03,2.8669114405193583
2017-04-04,4.294752372266725
2017-04-05,3.527881186723253
2017-04-06,6.439755258706455
2017-04-07,7.2550263114375815
2017-04-08,5.096112004705167
2017-04-09,4.220299621693534
2017-04-10,6.100897705091989
2017-04-11,8.299380440860574
2017-04-12,6.768596132726374
2017-04-13,6.690500237650318
2017-04-14,7.410878366116787
2017-04-15,6.622900909529427
2017-04-16,7.316235049081653
2017-04-17,10.179884271045292
2017-04-18,8.27778455167491
2017-04-19,8.960299521340271
2017-04-20,10.305317302314176
2017-04-21,12.021618489231859
2017-04-22,10.777034940635946
2017-04-23,11.609432904259386
2017-04-24,9.769536483178738
2017-04-25,9.727499183893078
2017-04-26,7.570004165474449
2017-04-27,8.01538218420593
2017-04-28,8.8306596967134
2017-04-29,11.96812288637511
2017-04-30,13.404571629311121
2017-05-01,11.133710232656064
2017-05-02,5.651500968492704
2017-05-03,7.554650877341755
2017-05-04,9.120745243103238
2017-05-05,8.227609506897377
2017-05-06,7.3170706487501285
2017-05-07,8.293809317165293
2017-05-08,7.97697265719066
2017-05-09,10.590619347412234
2017-05-10,10.650918113592349
2017-05-11,8.590425845901644
2017-05-12,5.854388715181308
2017-05-13,6.220253558626729
2017-05-14,6.715378940797397
2017-05-15,6.068408513258701
2017-05-16,4.4755301806131165
2017-05-17,4.093626182995806
2017-05-18,5.53008970607206
2017-05-19,5.187165326782965
2017-05-20,4.003038358896597
2017-05-21,5.427575779100134
2017-05-22,7.806496236961676
2017-05-23,6.946326062099124
2017-05-24,6.401156744244723
2017-05-25,4.959290109767877
2017-05-26,5.114073050668726
2017-05-27,6.454496105685846
2017-05-28,7.317597904261663
2017-05-29,9.179080656283425
2017-05-30,10.8505573744749
2017-05-31,11.586091719610687
2017-06-01,12.145578584703717
2017-06-02,9.35938634305857
2017-06-03,11.635879030557504
2017-06-04,11.301816916940375
2017-06-05,12.098308466593199
2017-06-06,8.632370005261185
2017-06-07,8.085243897368349
2017-06-08,8.782903062620333
2017-06-09,7.239973190137118
2017-06-10,7.233677966100069
2017-06-11,8.203210119649198
2017-06-12,5.40889164792321
2017-06-13,4.565387020622737
2017-06-14,2.587626413203476
2017-06-15,1.8347417821629872
2017-06-16,1.603792472746737
2017-06-17,1.9624142442138484
2017-06-18,3.8787443499458356
2017-06-19,3.323267828600993
2017-06-20,3.711670494019386
2017-06-21,3.241617635666064
2017-06-22,3.749286827991553
2017-06-23,5.339743888630478
2017-06-24,7.649177110621499
2017-06-25,6.3969793619418835
2017-06-26,4.368064378099771
2017-06-27,5.313791174563524
2017-06-28,4.9130618708763985
2017-06-29,3.1988779067725006
2017-06-30,5.036416792491575
2017-07-01,6.057083376334069
2017-07-02,8.672401620923571
2017-07-03,6.328744995298781
2017-07-04,6.095653534511089
2017-07-05,7.356304547741479
2017-07-06,11.096741625000249
2017-07-07,11.250861533576282
2017-07-08,8.8533209431712
2017-07-09,9.505329880719177
2017-07-10,10.431655823279034
2017-07-11,8.883860413954773
2017-07-12,11.6737742082327
2017-07-13,11.263751506816549
2017-07-14,9.673222073476316
2017-07-15,11.409378022434167
2017-07-16,13.1654523505457
2017-07-17,12.075872541225221
2017-07-18,11.977933398128595
2017-07-19,12.219581738895002
2017-07-20,11.414638905431138
2017-07-21,10.634886385890665
2017-07-22,12.691445101586265
2017-07-23,14.032457789459475
2017-07-24,12.29631104259724
2017-07-25,9.371073798510364
2017-07-26,6.414585325447441
2017-07-27,8.655372940874011
2017-07-28,6.3701415975014735
2017-07-29,5.25970090099328
2017-07-30,5.767613325957123
2017-07-31,5.261157711789038
2017-08-01,4.227387883713678
2017-08-02,2.2336196014370313
2017-08-03,4.368943376729601
2017-08-04,3.896426471686998
2017-08-05,4.678169055650963
2017-08-06,5.566285019416742
2017-08-07,3.9832166246658547
2017-08-08,3.260845497405344
2017-08-09,5.588020950609904
2017-08-10,6.568252428746549
2017-08-11,6.444378660546743
2017-08-12,10.020993380661572
2017-08-13,7.987999244699419
2017-08-14,8.353687957259876
2017-08-15,8.128317125557961
2017-08-16,7.576651469336817
2017-08-17,4.2574841587018675
2017-08-18,4.741280290288639
2017-08-19,5.927271577613369
2017-08-20,3.3272374323963776
2017-08-21,4.733553633659172
2017-08-22,6.230808876064393
2017-08-23,9.760909270056432
2017-08-24,7.292838282511781
2017-08-25,6.938019318221984
2017-08-26,6.244885543550538
2017-08-27,6.278264844196519
2017-08-28,6.943410990859256
2017-08-29,9.078406929460234
2017-08-30,10.943271995599208
2017-08-31,9.781645285828146
2017-09-01,9.469402674075013
2017-09-02,5.888998226473915
2017-09-03,7.955931632633684
2017-09-04,9.276238615622063
2017-09-05,11.751257396613322
2017-09-06,8.194682798783981
2017-09-07,11.234720682421186
2017-09-08,9.251851115729893
2017-09-09,6.087745904673875
2017-09-10,6.729847847410756
2017-09-11,5.603927312004599
2017-09-12,10.75316993088492
2017-09-13,11.550552417209927
2017-09-14,15.535579334851956
2017-09-15,14.272854320044505
2017-09-16,13.623378392085632
2017-09-17,15.10976399586918
2017-09-18,11.918910653050935
2017-09-19,10.7178048428378
2017-09-20,11.801459706758658
2017-09-21,12.718297939071746
2017-09-22,16.14954810870568
2017-09-23,15.719120574489747
2017-09-24,9.671820817387378
2017-09-25,11.239772505720719
2017-09-26,9.993812296825844
2017-09-27,11.156934221947894
2017-09-28,9.061060650370262
2017-09-29,8.055171620459886
2017-09-30,8.710224843427584
2017-10-01,12.852400268901267
2017-10-02,13.62337073406672
2017-10-03,10.159883514260533
2017-10-04,10.552741355129491
2017-10-05,8.942316585022272
2017-10-06,9.966967278685516
2017-10-07,14.311287699961468
2017-10-08,12.465990787782154
2017-10-09,11.255114339714419
2017-10-10,12.263783947494636
2017-10-11,12.699527709048308
2017-10-12,11.451736408992637
2017-10-13,12.49598846555705
2017-10-14,11.158955953328295
2017-10-15,11.273975518880698
2017-10-16,16.972270017500154
2017-10-17,16.09369755510289
2017-10-18,16.731827790490126
2017-10-19,17.823332855058883
2017-10-20,15.330839938967303
2017-10-21,15.594879332773257
2017-10-22,13.238893903607021
2017-10-23,10.090624224184365
2017-10-24,9.528192348201927
2017-10-25,12.806641232383022
2017-10-26,13.85995934630779
2017-10-27,10.987102199542623
2017-10-28,11.149763667943617
2017-10-29,12.574556083632897
2017-10-30,12.136815849756138
2017-10-31,10.446320743160264
2017-11-01,9.552367379888915
2017-11-02,8.0438979585724
2017-11-03,9.653092712801923
2017-11-04,9.938566719722282
2017-11-05,10.142652241924644
2017-11-06,9.85043976118127
2017-11-07,14.181133416864022
2017-11-08,13.76439617060045
2017-11-09,16.215932340002897
2017-11-10,11.698828457266123
2017-11-11,8.032760382254047
2017-11-12,4.909523246365679
2017-11-13,3.9232231112981446
2017-11-14,5.033386277081895
2017-11-15,3.80204324595739
2017-11-16,4.442557877441686
2017-11-17,3.8194384764162437
2017-11-18,5.595966757484119
2017-11-19,6.784646590222936
2017-11-20,5.9732736529813035
2017-11-21,3.3896776526031362
2017-11-22,3.7595911143708016
2017-11-23,1.5845382843333673
2017-11-24,0.4029066543380865
2017-11-25,1.4021709218026865
2017-11-26,1.8449925688875055
2017-11-27,3.2807711377105973
2017-11-28,3.797290599825024
2017-11-29,4.837770369923669
2017-11-30,5.15508644683143
2017-12-01,3.891428596385065
2017-12-02,2.962243668762727
2017-12-03,2.9772846840737595
2017-12-04,3.314812908554255
2017-12-05,3.457025729671099
2017-12-06,3.5815942885804404
2017-12-07,3.16210271334302
2017-12-08,3.430772347447222
2017-12-09,3.121080680226485
2017-12-10,5.193885706548092
2017-12-11,4.124678681258998
2017-12-12,2.290618369510752
2017-12-13,2.444362115645925
2017-12-14,4.51164751232098
2017-12-15,2.9697428947635713
2017-12-16,3.6358614631196455
2017-12-17,8.240424304118712
2017-12-18,8.239268539854978
2017-12-19,6.950103167947539
2017-12-20,6.228197315241044
2017-12-21,4.3655081695127596
2017-12-22,3.692744518927872
2017-12-23,3.728719368708575
2017-12-24,6.624718537278536
2017-12-25,8.136103388615227
2017-12-26,7.461807414080856
2017-12-27,6.200452935146296
2017-12-28,7.543861292944719
2017-12-29,8.171259436654651
2017-12-30,7.062582126730352
2017-12-31,9.741521841978475
2018-01-01,12.567550507411339
2018-01-02,11.849664207293985
2018-01-03,10.501397484890626
2018-01-04,10.516369991426982
2018-01-05,13.697151874721271
2018-01-06,12.463490185270022
2018-01-07,13.684475996071516
2018-01-08,11.303495905699188
2018-01-09,10.555297206839327
2018-01-10,9.275624292960464
2018-01-11,7.675680864222328
2018-01-12,8.046447880178679
2018-01-13,6.446383743455937
2018-01-14,4.684119674591326
2018-01-15,4.1892099598772585
2018-01-16,2.794328271407062
2018-01-17,3.652921720713346
2018-01-18,2.8072025372211398
2018-01-19,2.7249735123754055
2018-01-20,3.993218032100302
2018-01-21,4.120688046419557
2018-01-22,4.78041979584556
2018-01-23,5.385034533636084
2018-01-24,5.15737921923605
2018-01-25,3.8631910241871616
2018-01-26,4.276869383246566
2018-01-27,4.144614543887385
2018-01-28,5.860905981613232
2018-01-29,5.544305543577613
2018-01-30,4.075996230760531
2018-01-31,3.227732222844466
2018-02-01,2.890341414057376
2018-02-02,3.583587452080486
2018-02-03,4.743447919820825
2018-02-04,4.766962424698051
2018-02-05,6.231405767356157
2018-02-06,7.5285213862695874
2018-02-07,5.920435225121041
2018-02-08,6.827932611214151
2018-02-09,4.413979794312231
2018-02-10,5.983307693459157
2018-02-11,5.268418829958266
2018-02-12,6.494210237629663
2018-02-13,5.970999017976658
2018-02-14,7.014617192885252
2018-02-15,6.584341044752435
2018-02-16,6.45485398282988
2018-02-17,6.710782224160649
2018-02-18,5.756997733314688
2018-02-19,3.9212286001228094
2018-02-20,4.573446579191723
2018-02-21,3.6062954180758857
2018-02-22,3.5868586439296517
2018-02-23,3.66938862374441
2018-02-24,1.7949294152070465
2018-02-25,4.046440103251251
2018-02-26,4.759229954399684
2018-02-27,6.778881892826531
2018-02-28,6.827357098128777
2018-03-01,6.766619608152351
2018-03-02,2.4335755382318007
2018-03-03,2.316006745691633
2018-03-04,1.229831710927381
2018-03-05,0.7891147365188332
2018-03-06,1.287706777510312
2018-03-07,1.2488120725282503
2018-03-08,0.6350758974031724
2018-03-09,0.8184604013247629
2018-03-10,0.9553658191080393
2018-03-11,0.9470278218299948
2018-03-12,2.2432232844672666
2018-03-13,3.2222704900967694
2018-03-14,3.0071535336539883
2018-03-15,2.6468803779446244
2018-03-16,3.749263674444518
2018-03-17,4.182573668611849
2018-03-18,4.350206158925296
2018-03-19,4.502848069375342
2018-03-20,3.7605468548659715
2018-03-21,3.7382811226455215
2018-03-22,3.6470964495309746
2018-03-23,5.31461886639612
2018-03-24,6.492716939324373
2018-03-25,5.854101151021324
2018-03-26,7.732152262023517
2018-03-27,6.997003522849507
2018-03-28,7.562600543641856
2018-03-29,8.336208427709517
2018-03-30,6.976000804766439
2018-03-31,7.602024971433333
2018-04-01,8.459588939650038
2018-04-02,9.020158948360443
2018-04-03,8.33003891610605
2018-04-04,4.419966905022022
2018-04-05,7.106608708671807
2018-04-06,6.8612388303053145
2018-04-07,6.968212817456079
2018-04-08,5.502878748519824
2018-04-09,5.9242941171871975
2018-04-10,9.36021390486096
2018-04-11,6.846604044067399
2018-04-12,8.17861426336801
2018-04-13,7.909213491219278
2018-04-14,9.729776031964304
2018-04-15,10.917061153726793
2018-04-16,11.021359322919686
2018-04-17,8.867171563341879
2018-04-18,7.17267813343732
2018-04-19,7.841192612882151
2018-04-20,6.833859792723679
2018-04-21,7.196288216870206
2018-04-22,6.8581155448456785
2018-04-23,6.51193530641956
2018-04-24,5.56598461131026
2018-04-25,6.431116781496965
2018-04-26,6.530190171651869
2018-04-27,6.144174334941861
2018-04-28,6.002915084733833
2018-04-29,7.1353970413613075
2018-04-30,4.592683675391445
2018-05-01,5.394424676795284
2018-05-02,4.43309595778082
2018-05-03,4.335908465446308
2018-05-04,3.023514563385822
2018-05-05,6.319758095165074
2018-05-06,3.494820847438372
2018-05-07,4.053026806292532
2018-05-08,6.050556790371561
2018-05-09,5.930931323733973
2018-05-10,2.962617626705459
2018-05-11,2.72749627754662
2018-05-12,4.6804272249331635
2018-05-13,5.562858022560384
2018-05-14,3.7823060264167654
2018-05-15,6.177986644951574
2018-05-16,6.50887749394316
2018-05-17,7.00247108218445
2018-05-18,3.748807531735933
2018-05-19,4.470553877395621
2018-05-20,3.016616421857267
2018-05-21,4.269629859997531
2018-05-22,5.8101618332392615
2018-05-23,4.4056172112826895
2018-05-24,3.8283931653735612
2018-05-25,6.865210432355755
2018-05-26,5.844795102478956
2018-05-27,4.968775374366846
2018-05-28,6.232619496048646
2018-05-29,5.994630957687749
2018-05-30,5.71978342777053
2018-05-31,6.763164573342751
2018-06-01,7.829049273896983
2018-06-02,9.031132514313212
2018-06-03,9.354258905412483
2018-06-04,11.825558276926447
2018-06-05,11.413358197328145
2018-06-06,14.346031444794104
2018-06-07,13.237608789050768
2018-06-08,12.700050580149798
2018-06-09,14.589408647125204
2018-06-10,11.697277386994019
2018-06-11,7.440743598990959
2018-06-12,5.133522451163251
2018-06-13,7.961455726972007
2018-06-14,5.6297776315810495
2018-06-15,5.4990552320982715
2018-06-16,5.9260999929858125
2018-06-17,7.302366656959838
2018-06-18,7.4258681302114375
2018-06-19,4.9861000587013296
2018-06-20,4.450863570782341
2018-06-21,5.5453205424575644
2018-06-22,7.134528236622084
2018-06-23,8.093001934333067
2018-06-24,6.990727893806949
2018-06-25,3.950385448286437
2018-06-26,6.232051012363867
2018-06-27,6.494722329247665
2018-06-28,7.494030259025148
2018-06-29,9.156151566690559
2018-06-30,8.309540444329254
2018-07-01,7.231115714149565
2018-07-02,10.397803606251387
2018-07-03,12.550113957529863
2018-07-04,9.420532858360332
2018-07-05,8.715329504151912
2018-07-06,7.641785905894186
2018-07-07,8.874156420095854
2018-07-08,9.680107584362784
2018-07-09,8.639195993605085
2018-07-10,9.747671523034827
2018-07-11,12.17228390020376
2018-07-12,11.797473268345984
2018-07-13,9.480625652936764
2018-07-14,11.756397483337704
2018-07-15,9.088503098395314
2018-07-16,7.575556933606274
2018-07-17,9.66630707031577
2018-07-18,9.6264232179232
2018-07-19,9.681398261933165
2018-07-20,8.25075249123843
2018-07-21,6.965955994434856
2018-07-22,10.06821508879917
2018-07-23,13.23965687323825
2018-07-24,10.296775431983859
2018-07-25,9.931249020982193
2018-07-26,8.981856092060312
2018-07-27,8.255485485763199
2018-07-28,5.2728817189950155
2018-07-29,8.231609131385477
2018-07-30,6.048914014047553
2018-07-31,8.208740486971973
2018-08-01,6.790217867435267
2018-08-02,4.555696457748006
2018-08-03,7.8443651446764
2018-08-04,7.185983846969375
2018-08-05,8.050711635936127
2018-08-06,8.937294440828248
2018-08-07,8.929561515664622
2018-08-08,11.481451628313785
2018-08-09,13.677843272132629
2018-08-10,11.544903706763652
2018-08-11,9.324066485324495
2018-08-12,10.67874983381949
2018-08-13,14.203428081675474
2018-08-14,8.061841738314955
2018-08-15,5.909075054049676
2018-08-16,5.6282698633683355
2018-08-17,8.263782955560645
2018-08-18,9.812809078226309
2018-08-19,9.252920247462125
2018-08-20,11.588376663514317
2018-08-21,7.617142475368112
2018-08-22,7.555941936140628
2018-08-23,6.922125281905835
2018-08-24,9.59295131512235
2018-08-25,11.8180553061763
2018-08-26,13.530370941106478
2018-08-27,12.344882271988467
2018-08-28,12.665067977405759
2018-08-29,13.033102357284852
2018-08-30,11.867839590055418
2018-08-31,11.02203596894894
2018-09-01,7.449344393426988
2018-09-02,8.136164010656705
2018-09-03,10.677272345181693
2018-09-04,10.567210710477635
2018-09-05,7.131398790034467
2018-09-06,8.660487459438299
2018-09-07,8.66344607867817
2018-09-08,9.59454312692528
2018-09-09,8.68238993577246
2018-09-10,8.184546048993042
2018-09-11,10.242848181835866
2018-09-12,10.670979100043802
2018-09-13,8.366129308989402
2018-09-14,6.128696755203736
2018-09-15,4.758751027304191
2018-09-16,3.82736464095647
2018-09-17,4.901718392532319
2018-09-18,6.070429189760118
2018-09-19,4.702197644341855
2018-09-20,7.558089780682204
2018-09-21,7.889666610747851
2018-09-22,12.337990403252771
2018-09-23,12.904677178532989
2018-09-24,14.270372735646982
2018-09-25,16.87367335843735
2018-09-26,14.287742123715699
2018-09-27,15.528286818617387
2018-09-28,15.691584214739345
2018-09-29,15.482965318937454
2018-09-30,16.671127182023213
2018-10-01,11.947136061018842
2018-10-02,12.773185769380971
2018-10-03,11.815886912420092
2018-10-04,14.700981492147095
2018-10-05,15.172161628784242
2018-10-06,15.18542085709776
2018-10-07,15.140465761382915
2018-10-08,15.838073117137244
2018-10-09,14.517044674705454
2018-10-10,10.081726430569109
2018-10-11,10.201803125459582
2018-10-12,10.334094345141358
2018-10-13,10.9898900305841
2018-10-14,5.456223045551127
2018-10-15,3.244255516409645
2018-10-16,2.9800868285741804
2018-10-17,2.5858078586383044
2018-10-18,4.137654941038486
2018-10-19,4.800389836197285
2018-10-20,4.842463777129473
2018-10-21,5.021067075887766
2018-10-22,7.017625120962871
2018-10-23,8.74807404202256
2018-10-24,7.604948623561589
2018-10-25,7.065797499639175
2018-10-26,11.565297506897458
2018-10-27,10.893837542556863
2018-10-28,7.977198481770019
2018-10-29,9.243883585537542
2018-10-30,8.617178565944505
2018-10-31,11.560917476345454
2018-11-01,9.324913521620477
2018-11-02,11.493373859040485
2018-11-03,13.803964594630633
2018-11-04,13.719995820221264
2018-11-05,7.96502803383437
2018-11-06,9.104303489249682
2018-11-07,11.520765606327894
2018-11-08,10.03589303487787
2018-11-09,9.262106447970993
2018-11-10,5.96622489520642
2018-11-11,8.454766195570118
2018-11-12,11.507726561564404
2018-11-13,11.637020653815329
2018-11-14,10.248486824922741
2018-11-15,9.202295519997708
2018-11-16,6.968762587658944
2018-11-17,9.69113738885998
2018-11-18,10.998331308725234
2018-11-19,10.747409584300446
2018-11-20,8.655032613771219
2018-11-21,7.606272047963741
2018-11-22,8.240528804812744
2018-11-23,9.928852247908525
2018-11-24,7.934593649085886
2018-11-25,6.176502592799493
2018-11-26,2.485451439596484
2018-11-27,3.087351367525199
2018-11-28,1.7544026332728881
2018-11-29,3.492765967404455
2018-11-30,4.588267335858386
2018-12-01,5.845945318101655
2018-12-02,6.680146196310554
2018-12-03,8.10201171568441
2018-12-04,8.781018610822649
2018-12-05,8.546996313882314
2018-12-06,9.02940619204437
2018-12-07,7.562705404982305
2018-12-08,7.521356054120585
2018-12-09,7.336146784981362
2018-12-10,4.950990381530094
2018-12-11,4.625289027990096
2018-12-12,4.568888883562253
2018-12-13,4.778210646689907
2018-12-14,4.821528867750326
2018-12-15,4.156010404435514
2018-12-16,5.473993665142432
2018-12-17,3.930855571848473
2018-12-18,2.3811771784460936
2018-12-19,1.6759509380101711
2018-12-20,2.481274140021244
2018-12-21,4.7276641490423215
2018-12-22,5.446793732641205
2018-12-23,5.224073660911788
2018-12-24,4.147528225639974
2018-12-25,4.555365066434819
2018-12-26,5.0688123589594944
2018-12-27,3.2181315522517835
2018-12-28,4.274225647972171
2018-12-29,3.128579057846654
2018-12-30,2.4374611926083105
2018-12-31,4.238203230356509
2019-01-01,4.005651394792537
2019-01-02,4.8392332617136224
2019-01-03,6.115282860329838
2019-01-04,8.628704927459475
2019-01-05,10.705472525297063
2019-01-06,9.186930610167687
2019-01-07,9.215343716637513
2019-01-08,8.238438781251798
2019-01-09,9.408273921375255
2019-01-10,9.2850766863801
2019-01-11,9.066763982665138
2019-01-12,11.003394381360126
2019-01-13,12.836152980066887
2019-01-14,11.013328259876225
2019-01-15,9.910771161611923
2019-01-16,10.664555443805913
2019-01-17,9.973003962464663
2019-01-18,8.210752484611906
2019-01-19,5.372011603717813
2019-01-20,6.3656033355921
2019-01-21,5.400120086599407
2019-01-22,2.95903625661543
2019-01-23,3.0703423805347048
2019-01-24,1.9465306863216867
2019-01-25,4.841017435512581
2019-01-26,3.2113226245192723
2019-01-27,3.367344234714551
2019-01-28,5.612530305561203
2019-01-29,4.577206944458794
2019-01-30,3.430207206052626
2019-01-31,2.3916623028734096
2019-02-01,1.6601929370358566
2019-02-02,1.9537152389354633
2019-02-03,2.8468492888412205
2019-02-04,3.483994866233522
2019-02-05,3.6271842676562986
2019-02-06,3.2981287229464704
2019-02-07,3.919048900491911
2019-02-08,3.9202872011786574
2019-02-09,3.070697142937713
2019-02-10,2.9111488541427346
2019-02-11,1.2948857894385495
2019-02-12,0.527555851271249
2019-02-13,1.329846772741813
2019-02-14,1.988358876528876
2019-02-15,3.4138005588794593
2019-02-16,4.726937717513909
2019-02-17,4.117292516832475
2019-02-18,5.189617928647558
2019-02-19,6.271975085424025
2019-02-20,6.332072257754858
2019-02-21,5.168535348767862
2019-02-22,5.447790542887553
2019-02-23,5.6947545377788895
2019-02-24,4.540800367822254
2019-02-25,4.032651382046105
2019-02-26,3.5952631981825265
2019-02-27,2.754608932304707
2019-02-28,3.9395204817618628
2019-03-01,3.7580318611394063
2019-03-02,4.503909256506995
2019-03-03,3.4178293827129904
2019-03-04,2.745886016487724
2019-03-05,3.9650819574829197
2019-03-06,2.6991461375933934
2019-03-07,4.062647495743492
2019-03-08,2.9231549291549555
2019-03-09,2.8938014194972443
2019-03-10,3.9354283987379497
2019-03-11,5.198389401125406
2019-03-12,5.452546128894176
2019-03-13,5.376997634147223
2019-03-14,6.0645867911800275
2019-03-15,5.227289962501082
2019-03-16,6.813754261808221
2019-03-17,6.528796836104477
2019-03-18,6.278070696393072
2019-03-19,8.584989241419931
2019-03-20,7.561943815189064
2019-03-21,8.962630654571809
2019-03-22,12.19627691333415
2019-03-23,12.13950339118114
2019-03-24,11.342190930721726
2019-03-25,9.203494790718878
2019-03-26,9.335601398363629
2019-03-27,6.701995795859966
2019-03-28,4.762764664344091
2019-03-29,3.5670096282598442
2019-03-30,2.3992092980426345
2019-03-31,2.3490665893503992
2019-04-01,3.1397451094760602
2019-04-02,2.701144525234697
2019-04-03,2.081381994463513
2019-04-04,2.144365708944842
2019-04-05,2.651920110253593
2019-04-06,4.6414831997594055
2019-04-07,3.904258656469483
2019-04-08,3.6420463687695164
2019-04-09,5.36233250722389
2019-04-10,5.238604929406029
2019-04-11,4.350752743567399
2019-04-12,4.602086594940429
2019-04-13,3.750890464034796
2019-04-14,3.093869767156757
2019-04-15,5.097082499671145
2019-04-16,5.526327647008072
2019-04-17,4.918423043939368
2019-04-18,3.8565346428276746
2019-04-19,2.532744734767223
2019-04-20,5.0880532028738
2019-04-21,5.240266832055273
2019-04-22,4.361347547709598
2019-04-23,3.0733945919486865
2019-04-24,1.7372139570389498
2019-04-25,2.983336062227276
2019-04-26,3.7150714498697757
2019-04-27,5.343007336197029
2019-04-28,4.316856717526525
2019-04-29,6.288629681959334
2019-04-30,4.645343249728083
2019-05-01,3.602768280929013
2019-05-02,3.2944405061701856
2019-05-03,6.522692288174451
2019-05-04,7.498515600910127
2019-05-05,6.2418801612502754
2019-05-06,8.421883644715326
2019-05-07,8.559238679041322
2019-05-08,8.448137869308821
2019-05-09,6.817853559846446
2019-05-10,6.379824422588799
2019-05-11,5.988936860873857
2019-05-12,6.703184310831792
2019-05-13,6.7011807052831545
2019-05-14,6.882123420841701
2019-05-15,5.748234294534522
2019-05-16,6.164081731273194
2019-05-17,4.640700887316417
2019-05-18,7.549126344784915
2019-05-19,5.555259268550765
2019-05-20,6.001908760712451
2019-05-21,4.3937610135625755
2019-05-22,4.54719988501872
2019-05-23,3.6291064964587307
2019-05-24,2.2484389343491014
2019-05-25,3.322667922095896
2019-05-26,3.587622275760927
2019-05-27,4.200906698914029
2019-05-28,4.225378901818055
2019-05-29,7.204958414612879
2019-05-30,7.522502441313066
2019-05-31,7.935564940307472
2019-06-01,9.29041393548727
2019-06-02,9.460335707270861
2019-06-03,12.335898262656988
2019-06-04,8.986895021655284
2019-06-05,7.996758878697348
2019-06-06,4.729697764096259
2019-06-07,6.551401914456577
2019-06-08,8.825366809227782
2019-06-09,8.171773409083613
2019-06-10,11.479351338524273
2019-06-11,10.527682903312657
2019-06-12,11.730928229607562
2019-06-13,11.989875035711739
2019-06-14,10.966399261800575
2019-06-15,10.496373490433397
2019-06-16,6.622768476184873
2019-06-17,5.667382384314095
2019-06-18,8.404552802333061
2019-06-19,6.537940215387707
2019-06-20,9.315410837797748
2019-06-21,9.041102033811265
2019-06-22,11.611623636556272
2019-06-23,13.072880157466136
2019-06-24,9.650416798049276
2019-06-25,10.672380418018498
2019-06-26,11.880752564054813
2019-06-27,12.751674216587743
2019-06-28,12.983960279212162
2019-06-29,9.272994370403179
2019-06-30,11.781290524585149
2019-07-01,14.346924889168971
2019-07-02,12.267951770795078
2019-07-03,15.882845465126088
2019-07-04,15.938633317924955
2019-07-05,12.179231442425156
2019-07-06,11.757169765770971
2019-07-07,12.567476792095126
2019-07-08,13.869337345365883
2019-07-09,15.629445561418486
2019-07-10,16.44402858971031
2019-07-11,15.021146212111523
2019-07-12,11.272508810985231
2019-07-13,8.895495453846253
2019-07-14,10.182859987649676
2019-07-15,11.761779086767532
2019-07-16,9.89003946184856
2019-07-17,14.188442841254835
2019-07-18,14.691323244817152
2019-07-19,14.84215555485048
2019-07-20,17.40159700101349
2019-07-21,19.113379907656647
2019-07-22,16.89101418219319
2019-07-23,20.835382549714076
2019-07-24,22.09364883242822
2019-07-25,22.370692564424132
2019-07-26,20.485420564187866
2019-07-27,23.130568016245995
2019-07-28,18.226454081108212
2019-07-29,18.09379689824253
2019-07-30,17.78867819651823
2019-07-31,17.81852255863898
2019-08-01,18.67821317856878
2019-08-02,20.452350385997683
2019-08-03,15.663131000384476
2019-08-04,14.454719138083918
2019-08-05,14.1904515206705
2019-08-06,11.185139920061031
2019-08-07,12.793983242666226
2019-08-08,10.943686773931567
2019-08-09,10.79906686812071
2019-08-10,12.915081879496261
2019-08-11,10.749585873360363
2019-08-12,14.489446304385638
2019-08-13,12.264697093943878
2019-08-14,14.311128813522458
2019-08-15,12.746561956273231
2019-08-16,9.206816803035316
2019-08-17,8.02328845739649
2019-08-18,9.67539086606948
2019-08-19,9.873676730920275
2019-08-20,10.790175318438948
2019-08-21,13.682207749855579
2019-08-22,16.299351726454024
2019-08-23,15.423611110359444
2019-08-24,13.324860120677968
2019-08-25,18.01859770272712
2019-08-26,17.16679396079377
2019-08-27,14.862226736338236
2019-08-28,14.033323415794277
2019-08-29,16.333211666874664
2019-08-30,12.80786278475495
2019-08-31,15.76054386102026
2019-09-01,13.35555422469603
2019-09-02,9.222109669545075
2019-09-03,14.38053854743881
2019-09-04,13.225858176696915
2019-09-05,12.131172764694336
2019-09-06,11.394326622176576
2019-09-07,13.19235457888314
2019-09-08,13.709140038893924
2019-09-09,17.15912868575198
2019-09-10,15.86771948324369
2019-09-11,13.792072539667974
2019-09-12,15.166539583574561
2019-09-13,17.15944357107577
2019-09-14,17.74705953144569
2019-09-15,16.6871912063956
2019-09-16,15.692923833106518
2019-09-17,15.33024557274239
2019-09-18,14.554627724865739
2019-09-19,17.77830537057449
2019-09-20,25.393888314080936
2019-09-21,21.287570680249818
2019-09-22,15.538167313941619
2019-09-23,19.03943105182759
2019-09-24,19.84139332041735
2019-09-25,17.76271102744313
2019-09-26,14.086317704348886
2019-09-27,11.95403786118514
2019-09-28,8.887538738964277
2019-09-29,9.152250628155667
2019-09-30,8.37041121819744
2019-10-01,7.69870041360921
2019-10-02,8.95958663253407
2019-10-03,6.509479404284169
2019-10-04,5.716140044085577
2019-10-05,4.466753718582786
2019-10-06,5.729430667358011
2019-10-07,4.392254572770252
2019-10-08,6.956028294766969
2019-10-09,6.49551542213719
2019-10-10,12.689726404065043
2019-10-11,14.801907935268432
2019-10-12,12.337000472978099
2019-10-13,13.1163626736626
2019-10-14,12.259875130918374
2019-10-15,16.0254375289659
2019-10-16,11.368812234231875
2019-10-17,9.858087553645685
2019-10-18,9.878698700577782
2019-10-19,9.019998418165512
2019-10-20,8.393396306742263
2019-10-21,5.727829679834201
2019-10-22,5.751075044142529
2019-10-23,9.122787134824158
2019-10-24,9.658882574033598
2019-10-25,7.0356209299817
2019-10-26,6.2054387714329575
2019-10-27,7.380975028420891
2019-10-28,6.4240021797336535
2019-10-29,6.52214494149892
2019-10-30,5.684294862671438
2019-10-31,9.157442593724031
2019-11-01,10.988675837639898
2019-11-02,9.346302092872323
2019-11-03,9.777451203657737
2019-11-04,8.927470100872927
2019-11-05,5.283644941877987
2019-11-06,6.232130409591386
2019-11-07,6.096999948477587
2019-11-08,7.442297412396111
2019-11-09,8.742549717240745
2019-11-10,8.84185936615761
2019-11-11,11.773664590991281
2019-11-12,16.22148643113668
2019-11-13,11.98380121199379
2019-11-14,11.705933328064523
2019-11-15,9.036172524804618
2019-11-16,8.692951308263192
2019-11-17,8.350435422002155
2019-11-18,7.144428360675077
2019-11-19,6.001796627482879
2019-11-20,8.331146823691665
2019-11-21,6.176979613775063
2019-11-22,8.080655418140644
2019-11-23,7.709609492865344
2019-11-24,3.6579549731419956
2019-11-25,3.9961861942960235
2019-11-26,2.3574744507906615
2019-11-27,3.2460488582865064
2019-11-28,2.938682735782104
2019-11-29,3.341636079740766
2019-11-30,3.248983584778616
2019-12-01,4.832548108258004
2019-12-02,6.616471207653008
2019-12-03,6.172337572555879
2019-12-04,8.857862580340596
2019-12-05,10.1862281377797
2019-12-06,8.622521643025582
2019-12-07,9.522001703694494
2019-12-08,10.794881194808392
2019-12-09,12.553053523616294
2019-12-10,11.420892838597812
2019-12-11,11.489535277337374
2019-12-12,10.561844032188288
2019-12-13,10.382594938569916
2019-12-14,6.869048153738419
2019-12-15,7.552008377907024
2019-12-16,10.690329613246139
2019-12-17,9.945610531472658
2019-12-18,9.51883629771869
2019-12-19,8.847817561035898
2019-12-20,11.418415248427618
2019-12-21,8.712106074577314
2019-12-22,8.47056196322636
2019-12-23,8.252928670369899
2019-12-24,10.626315141419003
2019-12-25,9.228165307332912
2019-12-26,8.940689744853499
2019-12-27,6.540013729136838
2019-12-28,7.088702517506994
2019-12-29,8.828695007032143
2019-12-30,8.244923704858396
2019-12-31,9.385868268360587
2020-01-01,8.28226153701833
2020-01-02,9.659860136634386
2020-01-03,9.344758844668865
2020-01-04,9.215159156689928
2020-01-05,8.795036398398219
2020-01-06,9.193240016027902
2020-01-07,10.112624782030323
2020-01-08,9.519893241076094
2020-01-09,10.00331967180933
2020-01-10,9.062010190860214
2020-01-11,8.999788951443362
2020-01-12,12.197942411921069
2020-01-13,11.416515972776672
2020-01-14,8.365457199383224
2020-01-15,7.578396892278195
2020-01-16,6.475016173441869
2020-01-17,5.7822617083691945
2020-01-18,6.313513834784219
2020-01-19,7.955280876854732
2020-01-20,6.5395289284033025
2020-01-21,5.118759181020339
2020-01-22,4.497861112638058
2020-01-23,4.0972789390937026
2020-01-24,3.8107337827644385
2020-01-25,3.998989363120318
2020-01-26,3.858558657635235
2020-01-27,3.982673528502927
2020-01-28,3.7835326259603526
2020-01-29,4.983419122302039
2020-01-30,5.711810722476762
2020-01-31,4.981372606649076
2020-02-01,5.363364515724653
2020-02-02,8.357134462722305
2020-02-03,7.733280830650243
2020-02-04,10.652695929210514
2020-02-05,7.195756829554207
2020-02-06,6.0225158799394585
2020-02-07,5.137024714580311
2020-02-08,5.8533955761026215
2020-02-09,7.101064697338631
2020-02-10,7.082701385318283
2020-02-11,6.784031164599948
2020-02-12,7.490756635081535
2020-02-13,6.953789772936382
2020-02-14,5.866097499774125
2020-02-15,5.097609523052252
2020-02-16,6.2297183236303555
2020-02-17,8.828268706277301
2020-02-18,8.33200965226084
2020-02-19,8.71157439726411
2020-02-20,7.561762296090608
2020-02-21,5.328372740530374
2020-02-22,3.5843697721665446
2020-02-23,3.446596218443782
2020-02-24,2.578623782729243
2020-02-25,1.5621356007631007
2020-02-26,1.838163540741504
2020-02-27,1.9188435799497505
2020-02-28,1.6129612828059072
2020-02-29,1.921612445391975
2020-03-01,2.6203686349095827
2020-03-02,3.581880779969671
2020-03-03,3.7102124448850575
2020-03-04,4.501726310981734
2020-03-05,3.718306317074819
2020-03-06,4.218560592729789
2020-03-07,2.8458632027456354
2020-03-08,2.070086485150208
2020-03-09,3.4574533356107353
2020-03-10,2.6185396952505005
2020-03-11,3.24013672231014
2020-03-12,2.2179081338142437
2020-03-13,2.096577900847581
2020-03-14,2.4036020841653705
2020-03-15,2.1337668417028812
2020-03-16,2.884355510078425
2020-03-17,2.8187615524897573
2020-03-18,2.7076940325678023
2020-03-19,3.091933811657156
2020-03-20,2.936320228206496
2020-03-21,4.213540745091676
2020-03-22,3.7326243292224475
2020-03-23,5.178033966721827
2020-03-24,4.512458893695443
2020-03-25,4.079312001682973
2020-03-26,3.479142134277951
2020-03-27,4.266876146596034
2020-03-28,1.6294269720736028
2020-03-29,2.108970382264863
2020-03-30,2.3012861566582754
2020-03-31,3.2872600087213253
2020-04-01,2.2044943245603417
2020-04-02,2.932334586464212
2020-04-03,2.3022914979222535
2020-04-04,3.4934594050526977
2020-04-05,3.3817977789159324
2020-04-06,4.034425907665083
2020-04-07,3.1830131665099297
2020-04-08,3.7569244153231107
2020-04-09,4.940315374756959
2020-04-10,4.480139013820424
2020-04-11,6.048849719619322
2020-04-12,7.237661227051841
2020-04-13,6.041149693237103
2020-04-14,8.50823366896718
2020-04-15,7.1177773410142535
2020-04-16,7.517747401372733
2020-04-17,8.594185641593494
2020-04-18,7.897447442973699
2020-04-19,6.783595119554781
2020-04-20,7.459931095299183
2020-04-21,7.515328651880167
2020-04-22,6.255761053600491
2020-04-23,5.282790746608491
2020-04-24,5.425376140380811
2020-04-25,6.497867490598126
2020-04-26,7.7549179958793495
2020-04-27,8.45623799310752
2020-04-28,7.186972156329409
2020-04-29,6.263756741448574
2020-04-30,5.864049023748077
2020-05-01,4.069994444135178
2020-05-02,4.715990183980874
2020-05-03,5.424690611936948
2020-05-04,6.043475532470784
2020-05-05,3.582617931173569
2020-05-06,6.644182224405131
2020-05-07,6.238373637079836
2020-05-08,5.640114955702824
2020-05-09,5.663211651768204
2020-05-10,2.810502988296476
2020-05-11,2.0194730133728864
2020-05-12,1.7693013383928298
2020-05-13,3.060009926670588
2020-05-14,2.8455488174670576
2020-05-15,3.6708018140994647
2020-05-16,3.9271952952549474
2020-05-17,3.9668790149526956
2020-05-18,4.943865370471857
2020-05-19,4.2567750176393515
2020-05-20,2.6116122489754683
2020-05-21,1.9925797344928464
2020-05-22,2.1932185868579683
2020-05-23,5.014441265523878
2020-05-24,3.7502035723693354
2020-05-25,2.8210962892119444
2020-05-26,3.4291448553067787
2020-05-27,4.426420156411019
2020-05-28,3.83176043864384
2020-05-29,5.352846708944082
2020-05-30,4.376103666071148
2020-05-31,6.346227499805357
2020-06-01,7.988719476488247
2020-06-02,7.886175523116739
2020-06-03,10.467061394269582
2020-06-04,10.061977603286556
2020-06-05,8.798072405533148
2020-06-06,11.092774594545622
2020-06-07,8.933793164726042
2020-06-08,9.75954312617866
2020-06-09,8.513577781125724
2020-06-10,8.047995944488344
2020-06-11,8.801803275314285
2020-06-12,9.656373301274996
2020-06-13,12.839969555998731
2020-06-14,13.71024523796261
2020-06-15,14.802865864374969
2020-06-16,10.30311043620885
2020-06-17,8.138708362202612
2020-06-18,10.694681953075513
2020-06-19,8.811197098549444
2020-06-20,8.33914008344827
2020-06-21,8.981806347074562
2020-06-22,8.014017816778804
2020-06-23,6.559766835535901
2020-06-24,7.819603481399508
2020-06-25,8.352497809932048
2020-06-26,8.040424188816532
2020-06-27,9.96559765188952
2020-06-28,9.375064364382666
2020-06-29,9.398866234682412
2020-06-30,10.643035179491521
2020-07-01,12.16792247848971
2020-07-02,10.992637669930817
2020-07-03,8.935877056080402
2020-07-04,8.237588404658988
2020-07-05,9.926202504860633
2020-07-06,8.294430400968773
2020-07-07,7.979812697238111
2020-07-08,6.863092077984661
2020-07-09,4.978259234871921
2020-07-10,7.005440148017163
2020-07-11,7.439518541778147
2020-07-12,8.780240126658592
2020-07-13,10.590809899560494
2020-07-14,6.2874384624754915
2020-07-15,4.912455011821169
2020-07-16,8.735887362722753
2020-07-17,7.82932763915998
2020-07-18,9.062503931896464
2020-07-19,6.718783818202466
2020-07-20,6.809977680815396
2020-07-21,7.37382652845179
2020-07-22,7.254746796552048
2020-07-23,6.668896383644608
2020-07-24,6.873377695679574
2020-07-25,7.550271150724766
2020-07-26,7.953142135132733
2020-07-27,7.051885321827643
2020-07-28,9.648490824517486
2020-07-29,9.555282239171115
2020-07-30,9.757426077153667
2020-07-31,10.67974274526052
2020-08-01,8.92379423522793
2020-08-02,11.74543886658882
2020-08-03,12.218415322609857
2020-08-04,13.892380599199646
2020-08-05,11.965188323655374
2020-08-06,12.673967359289675
2020-08-07,12.12126171646667
2020-08-08,10.857428650890487
2020-08-09,14.466871169077548
2020-08-10,12.6281397579092
2020-08-11,14.012841935562381
2020-08-12,14.014442671314317
2020-08-13,13.671648826962832
2020-08-14,11.16670567827248
2020-08-15,9.314655361389915
2020-08-16,5.647557074966721
2020-08-17,5.685029866752225
2020-08-18,6.9912488370257355
2020-08-19,8.274742753617193
2020-08-20,7.022995269131553
2020-08-21,4.3160597197895605
2020-08-22,4.2530959320601855
2020-08-23,5.729413980686924
2020-08-24,5.5996799139566775
2020-08-25,5.5137694085601
2020-08-26,5.8180161566358155
2020-08-27,7.690692868310169
2020-08-28,13.627394038875742
2020-08-29,14.348716506269692
2020-08-30,11.163566703256292
2020-08-31,10.416404409210372
2020-09-01,15.578215497403864
2020-09-02,14.734510560131891
2020-09-03,19.051601816252134
2020-09-04,12.419291507243575
2020-09-05,11.585289334417512
2020-09-06,14.139317607446005
2020-09-07,11.572997479932368
2020-09-08,13.057298520567695
2020-09-09,11.214298630484816
2020-09-10,10.876458665246385
2020-09-11,13.398625747712972
2020-09-12,11.258940488993566
2020-09-13,14.14051654420047
2020-09-14,10.338174112656548
2020-09-15,10.034651467696376
2020-09-16,12.188302387045114
2020-09-17,16.256093572796136
2020-09-18,11.359614880179674
2020-09-19,7.876342153239488
2020-09-20,10.673295911311882
2020-09-21,6.9512737419232025
2020-09-22,6.822755070440568
2020-09-23,7.49297537169205
2020-09-24,7.800656286602764
2020-09-25,8.46550205487727
2020-09-26,5.643425363093835
2020-09-27,5.694286123402085
2020-09-28,9.764285241614358
2020-09-29,5.440500714888632
2020-09-30,4.302406476363686
2020-10-01,6.663500531869336
2020-10-02,7.596362857460526
2020-10-03,9.55998827278396
2020-10-04,9.317346186321904
2020-10-05,8.395859728017948
2020-10-06,7.867782460007017
2020-10-07,9.15228185623806
2020-10-08,10.723366968102484
2020-10-09,8.66689485369013
2020-10-10,8.780601460978408
2020-10-11,4.532457438729301
2020-10-12,6.309279956214363
2020-10-13,5.141101761498071
2020-10-14,5.367509263393971
2020-10-15,7.072812336043256
2020-10-16,4.762801813905149
2020-10-17,4.907145754910633
2020-10-18,6.825180230158435
2020-10-19,7.555326611069383
2020-10-20,5.709594038194546
2020-10-21,8.280747988914108
2020-10-22,5.633038749776975
2020-10-23,4.737851743309485
2020-10-24,5.497694532339758
2020-10-25,3.676173342780774
2020-10-26,2.0260188394266114
2020-10-27,1.8869700544337777
2020-10-28,2.215950257063169
2020-10-29,1.0595287155184963
2020-10-30,0.5826955195262201
2020-10-31,1.6040461853404495
2020-11-01,2.248018180852684
2020-11-02,2.941520969550981
2020-11-03,3.90307943437566
2020-11-04,6.667908883196384
2020-11-05,5.183899290798633
2020-11-06,5.290703240315589
2020-11-07,5.322359781452337
2020-11-08,3.4722074194709
2020-11-09,4.642618460932055
2020-11-10,4.983030382905992
2020-11-11,4.79949715971236
2020-11-12,5.7372550758493235
2020-11-13,6.052909010342484
2020-11-14,4.889498485412714
2020-11-15,5.129440047795873
2020-11-16,3.452626634420226
2020-11-17,4.812398421097621
2020-11-18,4.725144116297474
2020-11-19,7.256892956514282
2020-11-20,7.362754259763093
2020-11-21,8.435559536985336
2020-11-22,5.946363624348343
2020-11-23,4.836327293334495
2020-11-24,4.29626882144074
2020-11-25,2.333992773949417
2020-11-26,1.4405142320716433
2020-11-27,1.2942291974737614
2020-11-28,2.241844558679194
2020-11-29,4.342647007531897
2020-11-30,4.58357145143766
2020-12-01,5.278972261022293
2020-12-02,6.369836551718373
2020-12-03,6.747535766813909
2020-12-04,9.298989120645302
2020-12-05,6.498099410439906
2020-12-06,8.182063695906143
2020-12-07,8.952142792240181
2020-12-08,7.631086593761393
2020-12-09,10.065462596219751
2020-12-10,7.957025200792109
2020-12-11,6.258408222155864
2020-12-12,6.633968390027793
2020-12-13,8.088044756718123
2020-12-14,8.493733536144553
2020-12-15,11.2108984914859
2020-12-16,8.115930656523695
2020-12-17,7.683554962186177
2020-12-18,8.512241482599077
2020-12-19,9.525515845333977
2020-12-20,8.038415757587702
2020-12-21,5.590958776676025
2020-12-22,7.286574098799181
2020-12-23,7.839201585168602
2020-12-24,10.242793228676751
2020-12-25,8.458884357829271
2020-12-26,7.765213190289373
2020-12-27,4.418152301962683
2020-12-28,4.652621650901755
2020-12-29,5.253416678008964
2020-12-30,6.101998896402394
2020-12-31,4.870180500208747
2021-01-01,7.023371936773438
2021-01-02,5.7670757584949355
2021-01-03,5.3363825875232
2021-01-04,5.896808220468667
2021-01-05,6.919885027386651
2021-01-06,5.303194067856634
2021-01-07,3.105823894786118
2021-01-08,3.7525210792208026
2021-01-09,3.294976517223327
2021-01-10,1.8631506146827204
2021-01-11,2.666716479400598
2021-01-12,3.1271233525525566
2021-01-13,4.658358463038081
2021-01-14,4.819419757428968
2021-01-15,4.875572603032486
2021-01-16,5.304115602866062
2021-01-17,6.078078967226483
2021-01-18,7.883542769976325
2021-01-19,9.3787450637272
2021-01-20,10.083878659718396
2021-01-21,8.304333158281187
2021-01-22,8.45755331505421
2021-01-23,9.169911627016015
2021-01-24,7.5302921597405685
2021-01-25,6.384633399048103
2021-01-26,7.0368237538248
2021-01-27,7.468153289960106
2021-01-28,6.209532611564424
2021-01-29,5.543518222774071
2021-01-30,6.322488788954134
2021-01-31,5.77527732544213
2021-02-01,5.61293338140996
2021-02-02,4.231866465757334
2021-02-03,5.129935505791134
2021-02-04,4.06868887081373
2021-02-05,3.6395047465835995
2021-02-06,4.7444777900797614
2021-02-07,3.57988088435784
2021-02-08,2.771019377512943
2021-02-09,4.237347557164722
2021-02-10,2.33386798043624
2021-02-11,3.585531512290365
2021-02-12,4.594355686011159
2021-02-13,4.843054351182476
2021-02-14,3.9571026575043673
2021-02-15,3.3973250298430813
2021-02-16,3.5702131569762714
2021-02-17,2.3785871486680548
2021-02-18,2.223649987710486
2021-02-19,1.4257403885956763
2021-02-20,0.4146580248961415
2021-02-21,0.5350019438407625
2021-02-22,2.279842919278858
2021-02-23,2.8604407512442664
2021-02-24,4.051673146412424
2021-02-25,3.95699072787404
2021-02-26,3.859722832968291
2021-02-27,5.158163904043844
2021-02-28,6.295906226417337
2021-03-01,6.315575323198054
2021-03-02,6.265144802593573
2021-03-03,9.311937578872008
2021-03-04,7.289764292115716
2021-03-05,6.8496053056386295
2021-03-06,6.4956810444803414
2021-03-07,5.846572435753415
2021-03-08,6.84535352166237
2021-03-09,6.5503430589757805
2021-03-10,5.083899186757306
2021-03-11,3.8524292629905177
2021-03-12,3.430271323252777
2021-03-13,3.794359044722146
2021-03-14,4.720347357824317
2021-03-15,3.302245077224706
2021-03-16,2.893854172148234
2021-03-17,3.4715738414955166
2021-03-18,5.908209340664087
2021-03-19,6.76251548176305
2021-03-20,9.030539879013707
2021-03-21,6.726810681386943
2021-03-22,6.202157612685141
2021-03-23,6.907506551888531
2021-03-24,6.945892743679688
2021-03-25,3.6810633582193506
2021-03-26,2.5730413920241073
2021-03-27,4.143995516564473
2021-03-28,4.35716692423057
2021-03-29,5.777993357124742
2021-03-30,7.801402148627577
2021-03-31,7.187734383752024
2021-04-01,4.0033806386550825
2021-04-02,2.487646459058727
2021-04-03,2.673107896229376
2021-04-04,3.2644779110367272
2021-04-05,3.217070384792244
2021-04-06,2.3939373855930954
2021-04-07,4.160706280628744
2021-04-08,6.508665316231193
2021-04-09,4.051072492802788
2021-04-10,3.8321434257897513
2021-04-11,2.313463291773023
2021-04-12,2.3610264785875534
2021-04-13,1.4347246509060456
2021-04-14,2.238834634313293
2021-04-15,2.071896354791834
2021-04-16,1.1899374773918177
2021-04-17,0.8781630223354673
2021-04-18,1.4898893630483736
2021-04-19,1.1856729895887064
2021-04-20,2.0104416556636107
2021-04-21,3.7702002986901
2021-04-22,3.3488099900813966
2021-04-23,2.153224832529772
2021-04-24,1.7178826782155054
2021-04-25,3.2799784829061833
2021-04-26,2.5922667913173023
2021-04-27,2.225816587637928
2021-04-28,2.9916697150581157
2021-04-29,6.517798612605339
2021-04-30,5.0096941393405165
2021-05-01,3.910990401009227
2021-05-02,3.5032470960043156
2021-05-03,6.111690671867857
2021-05-04,8.329666384916292
2021-05-05,6.4663801358861805
2021-05-06,5.24774345017968
2021-05-07,4.637854904743169
2021-05-08,5.12544987761811
2021-05-09,4.683547095083423
2021-05-10,5.635737021532607
2021-05-11,6.143443100890057
2021-05-12,7.50208901747272
2021-05-13,6.921410421761415
2021-05-14,7.527459327774228
2021-05-15,5.903252888676587
2021-05-16,4.861781933917992
2021-05-17,6.287265889828313
2021-05-18,3.599769117371744
2021-05-19,5.523394878344832
2021-05-20,4.960704615495607
2021-05-21,3.5880608584688254
2021-05-22,2.388927705712235
2021-05-23,5.817895664111223
2021-05-24,4.366763398353417
2021-05-25,3.0108315665611705
2021-05-26,1.869134744661428
2021-05-27,5.09865279278955
2021-05-28,6.434874549778538
2021-05-29,6.658684245630373
2021-05-30,7.442759653365677
2021-05-31,5.106537842963976
2021-06-01,6.479537478530331
2021-06-02,4.51923831049295
2021-06-03,3.968952645297151
2021-06-04,6.713668369374665
2021-06-05,8.535586545645762
2021-06-06,9.274355851934226
2021-06-07,8.858356843386224
2021-06-08,6.865657827204597
2021-06-09,7.257504677317115
2021-06-10,5.634044273858028
2021-06-11,8.710955533028583
2021-06-12,15.305212377219865
2021-06-13,15.125562937492408
2021-06-14,12.969392150774372
2021-06-15,13.098592738853908
2021-06-16,14.942858812746206
2021-06-17,12.84243569679882
2021-06-18,8.192190752546814
2021-06-19,8.32789984403264
2021-06-20,9.745953428932115
2021-06-21,11.287959850898734
2021-06-22,6.865305238448956
2021-06-23,7.06676540674496
2021-06-24,5.997984747662111
2021-06-25,4.134288364508319
2021-06-26,2.9723066749655014
2021-06-27,4.856015814125444
2021-06-28,3.673319102379316
2021-06-29,2.9331023798828104
2021-06-30,2.7570600661560984
2021-07-01,2.0741884057570084
2021-07-02,3.2451925273050883
2021-07-03,3.8125675170966984
2021-07-04,5.124917074737167
2021-07-05,4.19620173975196
2021-07-06,5.759976295232341
2021-07-07,5.31297783755567
2021-07-08,7.826042496928488
2021-07-09,8.187058584278674
2021-07-10,8.990816834992673
2021-07-11,9.183192785753855
2021-07-12,8.778958878227185
2021-07-13,9.200125376420765
2021-07-14,9.572675703745382
2021-07-15,14.411778182264399
2021-07-16,11.005058631618082
2021-07-17,12.14854171496722
2021-07-18,12.307386905174791
2021-07-19,13.947611629018848
2021-07-20,10.865489795901455
2021-07-21,12.751456320968254
2021-07-22,11.085639342666148
2021-07-23,8.103646159185201
2021-07-24,4.853144318150103
2021-07-25,3.3496836636402993
2021-07-26,2.9428947522796447
2021-07-27,5.478739286239322
2021-07-28,3.6260129858880106
2021-07-29,2.511937857811306
2021-07-30,1.9975690622610405
2021-07-31,1.6769952351156034
2021-08-01,2.111921527926458
2021-08-02,3.33254452857505
2021-08-03,2.3908484543828443
2021-08-04,1.498861507367924
2021-08-05,3.327341978891026
2021-08-06,2.6047082486693234
2021-08-07,2.779021547309893
2021-08-08,2.196887437276725
2021-08-09,2.3878727947367016
2021-08-10,1.6622875898468386
2021-08-11,1.246511981904363
2021-08-12,1.0593719716393797
2021-08-13,2.9677072022910527
2021-08-14,2.4200866138647634
2021-08-15,2.883905921898599
2021-08-16,5.2726518493145464
2021-08-17,4.368726579209727
2021-08-18,7.56948857914082
2021-08-19,5.814409555062292
2021-08-20,3.2429744221148438
2021-08-21,4.589148319393903
2021-08-22,3.4666123875231087
2021-08-23,3.306226780819456
2021-08-24,2.8718587090516885
2021-08-25,5.682778770885403
2021-08-26,4.854242722829473
2021-08-27,4.999030706743818
2021-08-28,4.10717889839581
2021-08-29,4.552773355748554
2021-08-30,3.204188458621646
2021-08-31,3.3107866170149465
2021-09-01,2.824737191094631
2021-09-02,1.72027582580357
2021-09-03,2.0291752546380035
2021-09-04,1.4833000645926606
2021-09-05,1.7678070356096904
2021-09-06,1.7347953076435203
2021-09-07,2.875707154292442
2021-09-08,2.3819254263314464
2021-09-09,1.4990399811754647
2021-09-10,2.1203494607622915
2021-09-11,1.749345074379078
2021-09-12,1.822019980962673
2021-09-13,3.792024719147987
2021-09-14,3.668905776244766
2021-09-15,2.3393882110496484
2021-09-16,3.4861448702576747
2021-09-17,7.280185730419462
2021-09-18,6.939600674382659
2021-09-19,8.478844809461995
2021-09-20,4.640259326597762
2021-09-21,5.050667859487202
2021-09-22,5.40871190417594
2021-09-23,6.972556674394273
2021-09-24,6.533834725554751
2021-09-25,7.923738091614913
2021-09-26,9.985207174844096
2021-09-27,9.872973604398174
2021-09-28,11.493992302588142
2021-09-29,8.060473343731763
2021-09-30,10.630302350010664
2021-10-01,10.444900807631425
2021-10-02,11.716200357991083
2021-10-03,14.646001706367125
2021-10-04,9.784401806230967
2021-10-05,14.547933966636084
2021-10-06,10.166103119385786
2021-10-07,13.161418735673276
2021-10-08,12.185395981550133
2021-10-09,6.708603073086424
2021-10-10,11.399529651783894
2021-10-11,14.225826011223965
2021-10-12,10.22481219396418
2021-10-13,9.522898427443705
2021-10-14,10.45077822324602
2021-10-15,10.113009442027968
2021-10-16,11.936518943439244
2021-10-17,11.06387947959578
2021-10-18,7.427564924127455
2021-10-19,8.2352512560949
2021-10-20,7.805106115481332
2021-10-21,5.411326543093449
2021-10-22,2.6451796055019803
2021-10-23,3.879046689701615
2021-10-24,3.7588254633476983
2021-10-25,5.008167355185545
2021-10-26,6.432478953719889
2021-10-27,7.252932386586879
2021-10-28,8.48463183025595
2021-10-29,11.940746611201567
2021-10-30,16.12094231590161
2021-10-31,16.644977896864134
2021-11-01,14.83864116843992
2021-11-02,10.954335889114885
2021-11-03,11.563526975462787
2021-11-04,11.265127426219232
2021-11-05,9.29957795604593
2021-11-06,7.5722010492263365
2021-11-07,7.66613092958543
2021-11-08,7.627733431047269
2021-11-09,4.2415125904254944
2021-11-10,5.0053246426432185
2021-11-11,6.026347825067426
2021-11-12,9.041813155256921
2021-11-13,7.935148338005685
2021-11-14,8.178567283940664
2021-11-15,4.653290458229219
2021-11-16,5.357348019190574
2021-11-17,4.210845690445466
2021-11-18,3.1767911998711567
2021-11-19,1.7186086166255052
2021-11-20,3.569980098365081
2021-11-21,2.0325277844350036
2021-11-22,2.373896201415746
2021-11-23,2.8522202081054386
2021-11-24,3.539960106165579
2021-11-25,4.336849789664604
2021-11-26,5.013273536390334
2021-11-27,9.029868136003257
2021-11-28,7.729187501018218
2021-11-29,7.386702487668783
2021-11-30,8.778695056659123
2021-12-01,8.477366103808036
2021-12-02,4.446834851690208
2021-12-03,4.048125632345517
2021-12-04,4.758490530973385
2021-12-05,2.6979086040159252
2021-12-06,3.933476472483697
2021-12-07,4.311947594203355
2021-12-08,5.2431129293023675
2021-12-09,5.601925579606638
2021-12-10,4.480305723023546
2021-12-11,3.8098610326132287
2021-12-12,4.983665669952148
2021-12-13,5.2067524964251986
2021-12-14,5.077348859074012
2021-12-15,5.68452570180932
2021-12-16,5.666758645081966
2021-12-17,6.6224263417747515
2021-12-18,7.520630657958663
2021-12-19,7.122689827631358
2021-12-20,8.436382480823031
2021-12-21,7.32492948410594
2021-12-22,7.292095607373659
2021-12-23,8.382821604065391
2021-12-24,8.876389313072833
2021-12-25,9.08458317135692
2021-12-26,8.749265311211486
2021-12-27,8.01509061540725
2021-12-28,7.864634305915975
2021-12-29,8.78682078931141
2021-12-30,6.142643523455832
2021-12-31,4.756443096085353
2022-01-01,4.603420584944483
2022-01-02,3.450373554752085
2022-01-03,3.2140502845006895
2022-01-04,3.64199147558552
2022-01-05,3.6481191576349787
2022-01-06,1.362618592349873
2022-01-07,1.0198452061264227
2022-01-08,0.7229799977538425
2022-01-09,1.2091749112606651
2022-01-10,1.1003022623103689
2022-01-11,0.3519871602923231
2022-01-12,0.4462649965061293
2022-01-13,0.31863263719491597
2022-01-14,0.1784207660155208
2022-01-15,0.20337592050026146
2022-01-16,0.1044498391262071
2022-01-17,0.14443938266862222
2022-01-18,0.22217443207927964
2022-01-19,0.5992357301976604
2022-01-20,0.12377541733800451
2022-01-21,0.1842782494222686
2022-01-22,0.3093459736573918
2022-01-23,0.15528661537562163
2022-01-24,0.505076970717629
2022-01-25,0.6656025236562358
2022-01-26,1.3455658940743138
2022-01-27,1.5706616309709283
2022-01-28,2.0810931738708747
2022-01-29,1.8691625795208489
2022-01-30,2.1764079236223295
2022-01-31,2.8841074425897792
2022-02-01,3.2797952640374572
2022-02-02,3.4957979060985807
2022-02-03,4.063626296890943
2022-02-04,3.089902214229938
2022-02-05,2.5707381949522192
2022-02-06,2.582291192716602
2022-02-07,3.8811717734199944
2022-02-08,3.36343451413502
2022-02-09,4.751080671443333
2022-02-10,4.427128842039613
2022-02-11,4.318290265824933
2022-02-12,4.86197838536412
2022-02-13,5.641953044343775
2022-02-14,6.207298645985788
2022-02-15,3.6997698427399017
2022-02-16,3.9912719400207077
2022-02-17,4.192867392446137
2022-02-18,3.1809972716343307
2022-02-19,2.8545331478314657
2022-02-20,2.087659714489909
2022-02-21,3.3518988518285746
2022-02-22,4.520283321029992
2022-02-23,1.5206751396513232
2022-02-24,1.7756832809156402
2022-02-25,2.1848105262031323
2022-02-26,2.224640006557872
2022-02-27,1.6649948493638136
2022-02-28,2.8186989734534538
2022-03-01,2.690382395115027
2022-03-02,2.842540572715789
2022-03-03,2.378380737433137
2022-03-04,2.3930351450816874
2022-03-05,3.0113858810063947
2022-03-06,3.985773235880615
2022-03-07,6.638284859975513
2022-03-08,5.178864755979486
2022-03-09,6.702800060620899
2022-03-10,6.824021227397945
2022-03-11,4.6050360119149545
2022-03-12,4.9637210734561705
2022-03-13,4.225628739097247
2022-03-14,4.400340329835832
2022-03-15,3.649107404951055
2022-03-16,3.6644166860713447
2022-03-17,4.239577233436913
2022-03-18,2.854338743340739
2022-03-19,3.24063696964231
2022-03-20,4.740944606514916
2022-03-21,5.019336340154491
2022-03-22,4.357969924050695
2022-03-23,5.556202925268651
2022-03-24,4.510584622738763
2022-03-25,3.6684778322745792
2022-03-26,1.8446143595747526
2022-03-27,2.5949560975898645
2022-03-28,2.2160608598448857
2022-03-29,4.0411073771655746
2022-03-30,4.555462861993773
2022-03-31,4.420904801269941
2022-04-01,3.9590384161077705
2022-04-02,4.057518393183377
2022-04-03,4.208388851460969
2022-04-04,4.9404868022023525
2022-04-05,5.395798985569465
2022-04-06,4.939716978673875
2022-04-07,4.250243268883619
2022-04-08,3.578775325540339
2022-04-09,2.679637172962108
2022-04-10,1.8805660978823107
2022-04-11,3.892969545728677
2022-04-12,4.586759021984177
2022-04-13,4.812473546062383
2022-04-14,5.5742490941043155
2022-04-15,4.239760489833452
2022-04-16,3.4456628285034565
2022-04-17,3.7059895789341355
2022-04-18,3.7007337946123022
2022-04-19,2.5506074197751114
2022-04-20,3.137133824841255
2022-04-21,3.675222396039922
2022-04-22,2.8448065346738236
2022-04-23,2.6266229085132506
2022-04-24,1.6477183950926084
2022-04-25,1.6622484937795952
2022-04-26,1.4199714574711921
2022-04-27,2.1600721484620027
2022-04-28,3.403503519698074
2022-04-29,3.6137488554306856
2022-04-30,7.338809287852943
2022-05-01,6.519675706436172
2022-05-02,5.074054107962358
2022-05-03,5.012790640049594
2022-05-04,5.386476213002189
2022-05-05,3.9646603371698235
2022-05-06,4.170630374035757
2022-05-07,3.168718204824785
2022-05-08,1.418614205311367
2022-05-09,1.2431744752373461
2022-05-10,0.9541004184816828
2022-05-11,0.9915163266437552
2022-05-12,1.1856770947185573
2022-05-13,1.3277936559972108
2022-05-14,1.6388626158439614
2022-05-15,1.1758635657993772
2022-05-16,2.9885584676331605
2022-05-17,3.602025837632391
2022-05-18,3.094266391355288
2022-05-19,4.439027770652113
2022-05-20,4.781429841668854
2022-05-21,5.96964039380359
2022-05-22,5.341863099270796
2022-05-23,4.197250015811497
2022-05-24,2.662293744798177
2022-05-25,2.458930966553732
2022-05-26,3.6532933234618077
2022-05-27,3.6211700035700574
2022-05-28,3.2115047548469895
2022-05-29,2.01886540175833
2022-05-30,5.114087986818723
2022-05-31,4.724888661571924
2022-06-01,7.90303646873608
2022-06-02,6.5726628028586225
2022-06-03,5.848250486101522
2022-06-04,5.125918318279748
2022-06-05,4.021340954683531
2022-06-06,3.769263222201432
2022-06-07,5.037788591491617
2022-06-08,4.70668197061575
2022-06-09,3.2852173441612202
2022-06-10,3.795257231978929
2022-06-11,4.069944709937375
2022-06-12,6.352393067305963
2022-06-13,4.535646235658061
2022-06-14,5.62864377141138
2022-06-15,7.117275434598712
2022-06-16,7.931542819805016
2022-06-17,9.479063581950378
2022-06-18,9.712154049384674
2022-06-19,7.0121601776049545
2022-06-20,5.620809855401428
2022-06-21,3.632113498009027
2022-06-22,2.2315289414832273
2022-06-23,3.7748348589178193
2022-06-24,3.485090028837695
2022-06-25,2.1122876291880726
2022-06-26,0.7767265905625109
2022-06-27,2.3083865574834954
2022-06-28,4.696601019765688
2022-06-29,4.26141696678258
2022-06-30,5.163179854300043
2022-07-01,7.251630006411249
2022-07-02,6.5967219806639115
2022-07-03,8.286876080014501
2022-07-04,13.078468722249054
2022-07-05,12.450316986007538
2022-07-06,11.586720723704662
2022-07-07,9.770236127485365
2022-07-08,7.651516382183125
2022-07-09,7.335066844376523
2022-07-10,7.873418343876371
2022-07-11,9.277964220099822
2022-07-12,12.76573728096502
2022-07-13,13.177727686879017
2022-07-14,10.313607058694897
2022-07-15,8.69811125958668
2022-07-16,4.697083100080311
2022-07-17,5.335313125389503
2022-07-18,9.249276631258908
2022-07-19,7.421085051513654
2022-07-20,5.492265796958128
2022-07-21,8.107699740272867
2022-07-22,11.661920896313545
2022-07-23,10.930129723972822
2022-07-24,9.067467363383814
2022-07-25,11.452938768088854
2022-07-26,11.854433780313215
2022-07-27,13.310822695769948
2022-07-28,15.654557150781484
2022-07-29,18.39069933836845
2022-07-30,16.63405518731339
2022-07-31,16.524874866111123
2022-08-01,17.377817474390877
2022-08-02,23.774500651488335
2022-08-03,16.567372161570166
2022-08-04,18.31418296829665
2022-08-05,17.25848655042756
2022-08-06,19.451095306923133
2022-08-07,16.79750231936046
2022-08-08,20.067251373624398
2022-08-09,18.35117028019457
2022-08-10,17.483831913203307
2022-08-11,13.833153185771152
2022-08-12,16.026781795488315
2022-08-13,16.818688225701063
2022-08-14,16.36783425771062
2022-08-15,10.257065398570358
2022-08-16,13.59075510254311
2022-08-17,12.240181314185904
2022-08-18,13.404561056546035
2022-08-19,12.077456809923374
2022-08-20,10.164085562725496
2022-08-21,9.655540971384834
2022-08-22,9.004080050863081
2022-08-23,8.330686973125806
2022-08-24,9.698571652016733
2022-08-25,10.107737992187731
2022-08-26,13.94291940322153
2022-08-27,14.170853573706149
2022-08-28,15.483506652439711
2022-08-29,15.311358690928802
2022-08-30,12.540951400265412
2022-08-31,11.204784807871748
2022-09-01,9.850804025360873
2022-09-02,7.301361571311701
2022-09-03,12.9000621479917
2022-09-04,11.360746014368328
2022-09-05,11.105445463459361
2022-09-06,11.03812899629624
2022-09-07,13.951327542102522
2022-09-08,11.935429652975646
2022-09-09,8.954811639851709
2022-09-10,6.669941595577007
2022-09-11,7.139231380038958
2022-09-12,6.023050243260963
2022-09-13,4.665778719778821
2022-09-14,2.4834782920492686
2022-09-15,1.624222995512658
2022-09-16,2.0254706005636196
2022-09-17,2.4753821392593967
2022-09-18,2.7569841290261214
2022-09-19,2.9726733071214277
2022-09-20,4.224747404506452
2022-09-21,3.521463332354048
2022-09-22,5.101852650344
2022-09-23,7.055998077539901
2022-09-24,6.476524854673897
2022-09-25,7.905011166490359
2022-09-26,8.539319278355329
2022-09-27,13.238145325892837
2022-09-28,10.77364439149885
2022-09-29,10.479891540153613
2022-09-30,10.496991865216716
2022-10-01,9.227344192393222
2022-10-02,8.719844125100673
2022-10-03,10.146878018145339
2022-10-04,5.801481619067305
2022-10-05,6.981772444490269
2022-10-06,5.2876955551338884
2022-10-07,2.83180605786082
2022-10-08,4.241525050840872
2022-10-09,4.480054396242764
2022-10-10,6.308050365867867
2022-10-11,4.663598437327251
2022-10-12,5.617584986691643
2022-10-13,8.061449360553372
2022-10-14,5.503374727701714
2022-10-15,4.273501996540148
2022-10-16,6.160118485759527
2022-10-17,4.345569610808074
2022-10-18,4.406359277842314
2022-10-19,1.4804148714689518
2022-10-20,0.7877526108839805
2022-10-21,1.5438558569080167
2022-10-22,2.315293840904687
2022-10-23,3.890586208550652
2022-10-24,4.096113248079537
2022-10-25,4.3697233195871
2022-10-26,3.6576278951565904
2022-10-27,3.9194825651899423
2022-10-28,6.815136375968558
2022-10-29,8.42911345791894
2022-10-30,5.657176407490082
2022-10-31,4.036390600289866
2022-11-01,4.643060772635486
2022-11-02,5.14240926212244
2022-11-03,5.648928690425795
2022-11-04,5.820123205375742
2022-11-05,9.065252671620891
2022-11-06,7.1740165392059865
2022-11-07,8.388840291064133
2022-11-08,7.946329034033364
2022-11-09,12.827757297210468
2022-11-10,11.571082317975058
2022-11-11,8.377803420276097
2022-11-12,12.579041463476297
2022-11-13,8.84432549951727
2022-11-14,7.747594134317585
2022-11-15,8.93664949859989
2022-11-16,11.741541339017477
2022-11-17,8.827871627413217
2022-11-18,8.070240585977693
2022-11-19,6.893194737481722
2022-11-20,7.287147012186018
2022-11-21,8.568459159513477
2022-11-22,6.84849694601559
2022-11-23,8.390710072330137
2022-11-24,6.657638388817517
2022-11-25,9.444362236761664
2022-11-26,10.776535962789087
2022-11-27,13.113884666713203
2022-11-28,9.563303175229322
2022-11-29,12.462647063191
2022-11-30,13.97259255648016
2022-12-01,11.479349371535081
2022-12-02,10.319606477668202
2022-12-03,6.116146500847708
2022-12-04,3.491199382538611
2022-12-05,3.0296170272507994
2022-12-06,2.5778164082355506
2022-12-07,5.259665895248334
2022-12-08,6.6522495093362854
2022-12-09,7.02453542385882
2022-12-10,7.133795633674549
2022-12-11,9.166444217024683
2022-12-12,10.27137248431044
2022-12-13,11.161695541473545
2022-12-14,8.55111659439023
2022-12-15,7.523000044321545
2022-12-16,7.749111423067465
2022-12-17,7.854429596467347
2022-12-18,7.099337148968929
2022-12-19,7.9219465274454475
2022-12-20,7.975212082970929
2022-12-21,10.39199288628333
2022-12-22,8.612599131990578
2022-12-23,6.727670957691944
2022-12-24,6.062567501961037
2022-12-25,5.304435411052357
2022-12-26,4.7841276981454035
2022-12-27,2.5026721438486206
2022-12-28,2.5698401891457165
2022-12-29,4.320973783746592
2022-12-30,5.761840383868059
2022-12-31,4.718427326611748
2023-01-01,3.4732690105419475
2023-01-02,2.814457365524192
2023-01-03,2.2580971740667644
2023-01-04,2.3509840181457937
2023-01-05,4.187313261398298
2023-01-06,5.141577188755909
2023-01-07,7.418719364417306
2023-01-08,7.596526072767374
2023-01-09,9.164536460012048
2023-01-10,8.394288231593933
2023-01-11,8.133699578605453
2023-01-12,10.61392170652701
2023-01-13,8.619030654732958
2023-01-14,7.004799994392581
2023-01-15,8.58096309218778
2023-01-16,7.844566411564098
2023-01-17,6.428955816876644
2023-01-18,6.5464898271050265
2023-01-19,5.25873398532274
2023-01-20,4.934825843366016
2023-01-21,3.681391193046663
2023-01-22,3.561633767494332
2023-01-23,3.8426436560118793
2023-01-24,3.350469578923615
2023-01-25,2.7192662999070425
2023-01-26,2.672829404322612
2023-01-27,3.265752620231119
2023-01-28,4.244023737903243
2023-01-29,4.64576862469116
2023-01-30,5.229455824983685
2023-01-31,4.893483340224117
2023-02-01,4.624428755758403
2023-02-02,4.681492882301698
2023-02-03,4.627991700642505
2023-02-04,4.408560950851278
2023-02-05,2.79902466476604
2023-02-06,1.9633910708361297
2023-02-07,2.661709684794867
2023-02-08,2.4645563762763647
2023-02-09,2.9510589901377426
2023-02-10,3.173833190692659
2023-02-11,3.5460943761694605
2023-02-12,4.27458938791121
2023-02-13,5.6972250289943975
2023-02-14,8.604558633775858
2023-02-15,7.6677254052527015
2023-02-16,5.794605906359674
2023-02-17,6.655938117959683
2023-02-18,5.735809131019158
2023-02-19,5.9706643592709865
2023-02-20,5.443745966488503
2023-02-21,6.194848216124742
2023-02-22,6.204956255908585
2023-02-23,6.061171674794981
2023-02-24,8.84520353076738
2023-02-25,7.881775871872774
2023-02-26,7.550596717652739
2023-02-27,10.481812223509635
2023-02-28,8.754919459275198
2023-03-01,8.202849550590583
2023-03-02,7.365701525933876
2023-03-03,6.527267831305802
2023-03-04,6.727999611367231
2023-03-05,7.7588998336951525
2023-03-06,7.864333716339438
2023-03-07,7.9338871057273535
2023-03-08,4.87863573658906
2023-03-09,2.956866233380673
2023-03-10,3.609935769394542
2023-03-11,4.126334592487746
2023-03-12,3.811473805277961
2023-03-13,3.3267811441374917
2023-03-14,4.169259273773299
2023-03-15,5.263753358631954
2023-03-16,3.1456830616936213
2023-03-17,2.350465446522373
2023-03-18,4.103134054099752
2023-03-19,6.088740875963187
2023-03-20,6.922858521184623
2023-03-21,6.344048948839301
2023-03-22,5.51812096514637
2023-03-23,5.790453018557598
2023-03-24,7.648847193639839
2023-03-25,7.012070597204805
2023-03-26,5.966984597527903
2023-03-27,5.838467232484345
2023-03-28,6.301020039735414
2023-03-29,5.449295023754829
2023-03-30,5.436093036562707
2023-03-31,6.741304455615173
2023-04-01,6.3909429816367975
2023-04-02,7.889772913260142
2023-04-03,6.276881876410422
2023-04-04,5.561132885561016
2023-04-05,6.7261420318135015
2023-04-06,6.273404725094587
2023-04-07,4.655578801655199
2023-04-08,7.372146490216436
2023-04-09,7.299433065795461
2023-04-10,4.974289798284298
2023-04-11,6.956614334163028
2023-04-12,6.982853903439322
2023-04-13,8.805224896388504
2023-04-14,8.436855113027086
2023-04-15,11.984682505234867
2023-04-16,14.050475713976928
2023-04-17,13.857734712651775
2023-04-18,12.467057816043411
2023-04-19,10.91293536941307
2023-04-20,9.444546777152027
2023-04-21,7.2480812749393815
2023-04-22,6.110075971547726
2023-04-23,5.1142797262772195
2023-04-24,6.472627912926401
2023-04-25,6.635026336519267
2023-04-26,2.6250845979735136
2023-04-27,1.111348248825334
2023-04-28,0.9317600530006286
2023-04-29,0.8470459908439337
2023-04-30,0.6969515264632248
2023-05-01,1.2338780887936518
2023-05-02,0.5700080498038508
2023-05-03,1.0129303888788976
2023-05-04,1.4520404530101831
2023-05-05,0.5876377710897942
2023-05-06,2.338515031868282
2023-05-07,2.3404425197842773
2023-05-08,4.822915818914522
2023-05-09,5.948807254096142
2023-05-10,6.124799275284857
2023-05-11,6.7021097651325725
2023-05-12,6.449662711673139
2023-05-13,7.661135898978784
2023-05-14,7.711716405872947
2023-05-15,9.585183749704075
2023-05-16,9.90714828986068
2023-05-17,12.254930675860583
2023-05-18,10.228548789016736
2023-05-19,12.375946285803632
2023-05-20,10.27275077072982
2023-05-21,10.628488464929154
2023-05-22,10.750301178388167
2023-05-23,8.193657055160681
2023-05-24,7.861376511608721
2023-05-25,11.227664689246138
2023-05-26,9.802221358861425
2023-05-27,15.658023757262448
2023-05-28,13.92177306117771
2023-05-29,13.912397319534346
2023-05-30,16.31113818976725
2023-05-31,14.886554047103028
2023-06-01,14.687401898023989
2023-06-02,9.492510424611527
2023-06-03,10.097001383508001
2023-06-04,6.282176834138305
2023-06-05,4.211670157229239
2023-06-06,5.555406756707989
2023-06-07,7.240920230023641
2023-06-08,5.0031418527823535
2023-06-09,5.539264502885212
2023-06-10,5.531466651020255
2023-06-11,6.259943760669901
2023-06-12,8.660657712584356
2023-06-13,9.351553526152934
2023-06-14,11.145699004507753
2023-06-15,14.218442676473598
2023-06-16,14.124025346817755
2023-06-17,9.484460061216762
2023-06-18,6.220138287787009
2023-06-19,6.578904182761615
2023-06-20,6.5237640606834555
2023-06-21,5.75155599431117
2023-06-22,3.8484987938160518
2023-06-23,3.80723589495602
2023-06-24,5.023088216105626
2023-06-25,6.111896789608904
2023-06-26,4.378036689265412
2023-06-27,1.5952786251388569
2023-06-28,2.7740659294514227
2023-06-29,6.694052758635631
2023-06-30,5.371684097393079
2023-07-01,5.854532357326803
2023-07-02,5.905075984995991
2023-07-03,4.125412723697576
2023-07-04,4.45399847707751
2023-07-05,7.414034238832132
2023-07-06,11.843237141906782
2023-07-07,11.576087364958893
2023-07-08,14.053790935090321
2023-07-09,12.712923083034353
2023-07-10,15.440640042817554
2023-07-11,15.564603086636541
2023-07-12,18.872221185976763
2023-07-13,18.560152473111554
2023-07-14,18.57424615240783
2023-07-15,15.591687028653068
2023-07-16,11.421011232453132
2023-07-17,11.563620121784973
2023-07-18,13.382398428473824
2023-07-19,8.38621940602578
2023-07-20,7.660357038979193
2023-07-21,6.540682113810509
2023-07-22,5.650258942433504
2023-07-23,3.540703400571313
2023-07-24,2.66548197837821
2023-07-25,2.4037168517289937
2023-07-26,2.031984532404011
2023-07-27,3.804880444560252
2023-07-28,5.3781721036526955
2023-07-29,5.985784005749002
2023-07-30,6.197106079362626
2023-07-31,6.483050493397737
2023-08-01,6.208192397657059
2023-08-02,6.487648767332418
2023-08-03,7.782394602526576
2023-08-04,11.75530613177545
2023-08-05,9.488362602293986
2023-08-06,8.139910944295803
2023-08-07,10.333321908969431
2023-08-08,9.121068612687088
2023-08-09,8.225622348509962
2023-08-10,8.20802260035716
2023-08-11,12.758258915332256
2023-08-12,15.568747220321312
2023-08-13,16.49594508021913
2023-08-14,11.352326787106739
2023-08-15,13.262328822537077
2023-08-16,13.75082595331672
2023-08-17,16.24997422792727
2023-08-18,16.75303429217953
2023-08-19,14.858510771265419
2023-08-20,20.353985175300117
2023-08-21,27.825558500078426
2023-08-22,23.38158921898053
2023-08-23,21.447319369146214
2023-08-24,21.82741408800203
2023-08-25,17.04136646164302
2023-08-26,13.347745902106377
2023-08-27,18.96481154797145
2023-08-28,18.214242384891993
2023-08-29,13.853308336963607
2023-08-30,15.124158706237564
2023-08-31,15.249515367793862
2023-09-01,11.993516533860236
2023-09-02,12.352508837384686
2023-09-03,15.190545486822163
2023-09-04,16.36508906281528
2023-09-05,19.51118735676059
2023-09-06,16.379551279954683
2023-09-07,20.790043584896445
2023-09-08,16.121971641454717
2023-09-09,20.19634285064321
2023-09-10,18.683781535011708
2023-09-11,21.961290057564938
2023-09-12,21.187739636368523
2023-09-13,16.426745014682446
2023-09-14,12.461729350590053
2023-09-15,9.001141841986092
2023-09-16,9.25499812195453
2023-09-17,9.014705786306006
2023-09-18,8.475985896091954
2023-09-19,7.218365655303866
2023-09-20,8.333322482210303
2023-09-21,6.04597863885497
2023-09-22,5.764872126601536
2023-09-23,4.093088821164739
2023-09-24,3.8227537326202166
2023-09-25,3.288564621408378
2023-09-26,5.025508796524903
2023-09-27,6.273919752377532
2023-09-28,9.45627015364125
2023-09-29,10.056038876431657
2023-09-30,10.341685928250033
2023-10-01,8.271064357424194
2023-10-02,11.257220823514913
2023-10-03,4.244987218764637
2023-10-04,4.9038453345295485
2023-10-05,3.306737449061784
2023-10-06,2.4640111522015693
2023-10-07,7.375703897747731
2023-10-08,8.076123807540329
2023-10-09,5.187924230609576
2023-10-10,10.752394151172648
2023-10-11,8.766177131026394
2023-10-12,10.809949143344314
2023-10-13,11.547652243504208
2023-10-14,10.703320627497144
2023-10-15,14.948676414841145
2023-10-16,13.58022907913065
2023-10-17,14.49647684564483
2023-10-18,15.658851733875585
2023-10-19,12.868626207430681
2023-10-20,4.94800570619084
2023-10-21,4.722668556605289
2023-10-22,4.196968910101687
2023-10-23,4.687561162873782
2023-10-24,6.414035252986367
2023-10-25,6.094335591159775
2023-10-26,3.741312765347109
2023-10-27,3.905204174507027
2023-10-28,3.0715567446398104
2023-10-29,3.8523474148003634
2023-10-30,1.3227511244741825
2023-10-31,3.783327737751097
2023-11-01,3.363200157598814
2023-11-02,3.067454972705818
2023-11-03,3.158417104885641
2023-11-04,5.36040999862555
2023-11-05,7.786428497773614
2023-11-06,8.241417521506014
2023-11-07,7.934794922612657
2023-11-08,10.300080044768379
2023-11-09,12.275369837146384
2023-11-10,10.404060894502518
2023-11-11,8.030428220894473
2023-11-12,8.991947731144457
2023-11-13,10.176905683235468
2023-11-14,11.32698548646088
2023-11-15,6.066140085748615
2023-11-16,5.33960192075294
2023-11-17,5.702523113688491
2023-11-18,4.246685048496282
2023-11-19,1.7999049823063784
2023-11-20,1.2036975912461378
2023-11-21,3.1363082616877875
2023-11-22,3.624471892684612
2023-11-23,4.5651053410791835
2023-11-24,5.405666326521611
2023-11-25,7.652120167203123
2023-11-26,8.235365113616602
2023-11-27,10.08605261889341
2023-11-28,8.974819400450327
2023-11-29,8.616847346903386
2023-11-30,11.0371602989432
2023-12-01,14.10455866502411
2023-12-02,14.067934017410646
2023-12-03,11.587048163174858
2023-12-04,9.931212162449249
2023-12-05,9.60835561167601
2023-12-06,15.980743454374815
2023-12-07,15.776056604943724
2023-12-08,15.967804874402217
2023-12-09,15.385141605546474
2023-12-10,16.908643793551096
2023-12-11,16.159104967618084
2023-12-12,16.13556177192093
2023-12-13,9.347238061556176
2023-12-14,7.733586729239912
2023-12-15,7.823079296482833
2023-12-16,7.658281358878756
2023-12-17,7.622998125752844
2023-12-18,7.091289483481446
2023-12-19,7.576786346680169
2023-12-20,7.374799806055939
2023-12-21,5.664263968849701
2023-12-22,4.48672801922758
2023-12-23,4.194176899775406
2023-12-24,2.7922414740579584
2023-12-25,2.8386512275050064
2023-12-26,4.328714250030089
2023-12-27,6.933997999261053
2023-12-28,7.758067373220037
2023-12-29,7.552078488560351
2023-12-30,6.706820364644752
2023-12-31,5.054111886457994
2024-01-01,5.8706599025081925
2024-01-02,6.906069143705103
2024-01-03,5.657070715612733
2024-01-04,4.068354070226348
2024-01-05,4.79931101576813
2024-01-06,4.424100608011556
2024-01-07,2.9061190764058074
2024-01-08,2.8038958682295885
2024-01-09,3.1114946736659634
2024-01-10,5.880802497112374
2024-01-11,4.122621622618758
2024-01-12,3.45816955333069
2024-01-13,3.487648583910583
2024-01-14,4.212088050433773
2024-01-15,5.837280460645377
2024-01-16,5.829263656949986
2024-01-17,5.840768798942444
2024-01-18,4.3744426215109335
2024-01-19,5.9216485656592335
2024-01-20,4.04205817724043
2024-01-21,4.076331709971335
2024-01-22,2.870783416908532
2024-01-23,4.133615242753497
2024-01-24,3.814157905207764
2024-01-25,2.6453447436198907
2024-01-26,2.754902875035677
2024-01-27,4.5700470691726505
2024-01-28,4.947480640565781
2024-01-29,4.30249031201869
2024-01-30,5.943585198317481
2024-01-31,7.618802832855018
2024-02-01,6.915037032177869
2024-02-02,7.856273322451042
2024-02-03,6.526906306653943
2024-02-04,7.776870501326085
2024-02-05,9.985757631288562
2024-02-06,10.437422211899817
2024-02-07,7.408674885804767
2024-02-08,8.22287253770756
2024-02-09,7.684197425731569
2024-02-10,6.935128954496973
2024-02-11,7.846236012381689
2024-02-12,5.998436338794345
2024-02-13,5.591515743654401
2024-02-14,4.94174996142741
2024-02-15,6.87361202180365
2024-02-16,8.93980270158689
2024-02-17,12.328020754096706
2024-02-18,11.628911808248844
2024-02-19,10.805582387814322
2024-02-20,8.994873663876099
2024-02-21,6.375973738125718
2024-02-22,6.42188966940523
2024-02-23,6.4873294255591025
2024-02-24,5.674112290242752
2024-02-25,3.856069946543228
2024-02-26,4.800776013597778
2024-02-27,4.099706369042887
2024-02-28,4.389416879116217
2024-02-29,4.744190592341359
2024-03-01,3.8408991697298687
2024-03-02,4.748180916369783
2024-03-03,5.915276409384349
2024-03-04,4.979790423437594
2024-03-05,4.938923181813428
2024-03-06,5.184463548053144
2024-03-07,5.254440660226779
2024-03-08,4.608128619549155
2024-03-09,4.991762988578214
2024-03-10,4.128244559198527
2024-03-11,3.718133485023706
2024-03-12,2.371635550151823
2024-03-13,1.6082891474459111
2024-03-14,1.2959403992991796
2024-03-15,1.7179001553991575
2024-03-16,1.9030388616030707
2024-03-17,2.6710904528741697
2024-03-18,0.8773270471422819
2024-03-19,1.2651173360390238
2024-03-20,1.2265781612764737
2024-03-21,0.7333240814805204
2024-03-22,1.9017533079110676
2024-03-23,2.903913743445197
2024-03-24,3.53022012597848
2024-03-25,4.791683848373324
2024-03-26,6.2894082272770095
2024-03-27,6.78806401340352
2024-03-28,4.981441541377577
2024-03-29,4.133397989738322
2024-03-30,4.187662761986422
2024-03-31,4.238097016481396
2024-04-01,6.334750108855174
2024-04-02,5.312719640048658
2024-04-03,4.786089097131894
2024-04-04,6.148153978496421
2024-04-05,5.75499021548747
2024-04-06,5.94842445130391
2024-04-07,6.505791207538193
2024-04-08,7.720578723193005
2024-04-09,8.381778259706811
2024-04-10,9.504729302356177
2024-04-11,8.194404215378174
2024-04-12,7.328727292010522
2024-04-13,6.624690389146319
2024-04-14,6.72105920805864
2024-04-15,7.1470413063774485
2024-04-16,4.300569569186748
2024-04-17,6.858174083973326
2024-04-18,5.143906165020637
2024-04-19,4.722587049959046
2024-04-20,4.736010540950032
2024-04-21,5.526715834776111
2024-04-22,5.848977557089708
2024-04-23,7.50803639735208
2024-04-24,9.485553886721306
2024-04-25,9.194915532061255
2024-04-26,11.700101806914876
2024-04-27,9.445725423497528
2024-04-28,7.25691802972255
2024-04-29,13.135573460412605
2024-04-30,15.293724216195534
2024-05-01,13.556430267505954
2024-05-02,12.13002312646099
2024-05-03,11.177199290417036
2024-05-04,9.685517013855133
2024-05-05,8.025329091102959
2024-05-06,6.48382897597539
2024-05-07,3.905052616097931
2024-05-08,4.137442310697436
2024-05-09,3.278157250358585
2024-05-10,5.9203121829237
2024-05-11,6.169363895023932
2024-05-12,8.13316639351594
2024-05-13,5.779148908062342
2024-05-14,2.7370649062686327
2024-05-15,2.5046866689704133
2024-05-16,4.538442934306643
2024-05-17,4.986284328921729
2024-05-18,5.130564029662504
2024-05-19,5.034418702086457
2024-05-20,3.6691650290666056
2024-05-21,2.8216866175978095
2024-05-22,7.196800796814178
2024-05-23,4.958924975119213
2024-05-24,5.982664174381971
2024-05-25,7.0731227388852504
2024-05-26,4.737618320615247
2024-05-27,5.44241896532078
2024-05-28,7.974657745374312
2024-05-29,10.39412907483632
2024-05-30,9.882902327328623
2024-05-31,7.906412700615209
2024-06-01,5.267288265003703
2024-06-02,5.802555307437438
2024-06-03,6.8346218718177285
2024-06-04,4.208061632388988
2024-06-05,5.272735484032634
2024-06-06,3.349974722697016
2024-06-07,3.462622666544846
2024-06-08,3.56595511543681
2024-06-09,4.312743663361207
2024-06-10,4.2042201457843955
2024-06-11,5.3112656040519015
2024-06-12,6.83360519145761
2024-06-13,7.245555483568202
2024-06-14,8.545308922183587
2024-06-15,7.905945045378718
2024-06-16,7.7660988213028475
2024-06-17,8.305757550784211
2024-06-18,8.66725749818053
2024-06-19,9.062680804216848
2024-06-20,5.602820328955787
2024-06-21,5.935762115129111
2024-06-22,7.3494965398527405
2024-06-23,8.05004029418312
2024-06-24,6.785432079849711
2024-06-25,7.341426503264295
2024-06-26,7.804259200588515
2024-06-27,8.371948260242606
2024-06-28,8.096760799406777
2024-06-29,7.322912167112354
2024-06-30,6.588842947227834
2024-07-01,10.247671263489853
2024-07-02,12.465736775411912
2024-07-03,18.9478458120321
2024-07-04,15.358170127846964
2024-07-05,11.742939019880655
2024-07-06,8.541462115159062
2024-07-07,8.298041010871502
2024-07-08,5.971816963796468
2024-07-09,6.396617895809082
2024-07-10,6.911774787368525
2024-07-11,10.484947435537801
2024-07-12,12.098559653550344
2024-07-13,13.172900357193255
2024-07-14,10.468443174100667
2024-07-15,6.731419473530787
2024-07-16,7.973222065856771
2024-07-17,7.327187794040689
2024-07-18,6.949903510986507
2024-07-19,8.893346802373562
2024-07-20,12.960954669246238
2024-07-21,14.420789894579496
2024-07-22,17.861998136594675
2024-07-23,17.673423738179224
2024-07-24,16.821361460885296
2024-07-25,16.326247565864726
2024-07-26,15.844670548881464
2024-07-27,13.723682547128208
2024-07-28,15.659754264518517
2024-07-29,12.524099637631915
2024-07-30,16.63922835690386
2024-07-31,15.447659950804209
2024-08-01,13.677107512659664
2024-08-02,15.22916392734972
2024-08-03,19.204493173025735
2024-08-04,15.958390949904683
2024-08-05,17.040485773011273
2024-08-06,13.889565275538402
2024-08-07,11.417923026477592
2024-08-08,11.169678198389391
2024-08-09,10.980676688702872
2024-08-10,8.494332732706237
2024-08-11,7.795969801285467
2024-08-12,10.16478016413561
2024-08-13,9.695962981563133
2024-08-14,8.393076963809708
2024-08-15,8.067953782818876
2024-08-16,7.837579562184259
2024-08-17,8.361657829099233
2024-08-18,8.811276672361236
2024-08-19,11.086570810532999
2024-08-20,14.614689341806429
2024-08-21,11.06310711110161
2024-08-22,12.457208646764801
2024-08-23,11.591288137292077
2024-08-24,15.277860783635665
2024-08-25,14.090485838721925
2024-08-26,15.746946525067127
2024-08-27,7.651826579858151
2024-08-28,10.255056764571956
2024-08-29,12.504334996044303
2024-08-30,9.894039163149543
2024-08-31,7.238156523761521
2024-09-01,12.473576735766617
2024-09-02,11.509640702657464
2024-09-03,9.204676832671367
2024-09-04,12.15393316905823
2024-09-05,10.177571701953362
2024-09-06,11.350020324654615
2024-09-07,13.652869188879308
2024-09-08,14.04235497271662
2024-09-09,14.708847870650674
2024-09-10,18.05285547813503
2024-09-11,10.855918067740978
2024-09-12,11.805535646995557
2024-09-13,13.388726249365483
2024-09-14,10.752589807236934
2024-09-15,10.753194950351446
2024-09-16,7.5432063033122825
2024-09-17,8.341433937879248
2024-09-18,7.686026317519929
2024-09-19,7.669281958298703
2024-09-20,7.493537023160445
2024-09-21,8.147311962772836
2024-09-22,8.526338332025869
2024-09-23,5.126574644404373
2024-09-24,6.918903140675095
2024-09-25,8.369020500722524
2024-09-26,9.240773431411235
2024-09-27,7.93889192571851
2024-09-28,7.213425683793078
2024-09-29,5.51933929581815
2024-09-30,8.789658273158594
2024-10-01,8.191400327614804
2024-10-02,8.720198372168403
2024-10-03,9.364656615291853
2024-10-04,8.934295359557092
2024-10-05,13.531944819520012
2024-10-06,12.221418088593865
2024-10-07,11.453357476637358
2024-10-08,14.62805856148788
2024-10-09,14.106304957145941
2024-10-10,9.725771003841585
2024-10-11,10.449006330915328
2024-10-12,8.917837588085634
2024-10-13,9.38458515691475
2024-10-14,11.071975054662563
2024-10-15,12.906036906576968
2024-10-16,13.302279297009028
2024-10-17,9.667724606018528
2024-10-18,7.785420402200404
2024-10-19,9.33862121038042
2024-10-20,7.149951638349428
2024-10-21,7.536363593730452
2024-10-22,9.062692252504851
2024-10-23,8.0844226010314
2024-10-24,9.943849885832263
2024-10-25,13.2660596119694
2024-10-26,9.694206200520641
2024-10-27,13.557927491361731
2024-10-28,11.566450425005975
2024-10-29,14.706382790374965
2024-10-30,13.807030849120773
2024-10-31,13.441328906012028
2024-11-01,13.759916446422924
2024-11-02,18.559454790480416
2024-11-03,17.336685489200175
2024-11-04,16.039661026023147
2024-11-05,17.173064676204117
2024-11-06,15.995770737022202
2024-11-07,12.402710797246417
2024-11-08,13.333265752507685
2024-11-09,11.969799716802736
2024-11-10,13.969557068643208
2024-11-11,12.192107680212246
2024-11-12,10.164813062789737
2024-11-13,5.230427534659329
2024-11-14,4.047314173909035
2024-11-15,3.7686775231879492
2024-11-16,2.3535943206818364
2024-11-17,4.083593891218334
2024-11-18,2.9801732518052213
2024-11-19,4.100109564689929
2024-11-20,5.366016645525528
2024-11-21,3.8702261570386183
2024-11-22,3.855717303720821
2024-11-23,2.5246022448215606
2024-11-24,4.875753840575398
2024-11-25,4.679448768792675
2024-11-26,5.755986945590774
2024-11-27,6.2735888761947685
2024-11-28,9.594038503528363
2024-11-29,7.544424689446191
2024-11-30,7.084597193211239
2024-12-01,8.630666205298125
2024-12-02,10.794483591072277
2024-12-03,11.896570839611755
2024-12-04,8.514743819724291
2024-12-05,8.37979769184642
2024-12-06,8.65095327882645
2024-12-07,7.483071898462905
2024-12-08,7.2832425402013685
2024-12-09,6.755020958744318
2024-12-10,5.503515629851509
2024-12-11,5.071924099402926
2024-12-12,3.9368590508247263
2024-12-13,5.869746868531906
2024-12-14,5.760480730433183
2024-12-15,6.258087935254025
2024-12-16,6.02140761467289
2024-12-17,6.019214448019013
2024-12-18,6.885376320476545
2024-12-19,7.255772810376254
2024-12-20,5.653042508528182
2024-12-21,6.382386699341664
2024-12-22,8.084820268194306
2024-12-23,6.8375052861993
2024-12-24,5.3069308590051625
2024-12-25,5.651545013987316
2024-12-26,5.4372224647150365
2024-12-27,6.523938952054929
2024-12-28,6.6234739498985045
2024-12-29,4.933145949529133
2024-12-30,3.9125811507329145
2024-12-31,3.857151408483826
